,ride_id,rideable_type,started_at,ended_at,start_station_name,start_station_id,end_station_name,end_station_id,start_lat,start_lng,end_lat,end_lng,member_casual
7183,FA17B48B5F2FDC67,electric_bike,2024-12-11 15:09:26.615,2024-12-11 15:17:01.394,,,W 27 St & 6 Ave,6215.07,40.74,-74.01,40.74526,-73.99062,member
8010,BE01094D848E7E13,electric_bike,2024-12-04 20:08:48.217,2024-12-04 20:13:14.493,,,,,40.75,-74.0,40.75,-74.0,member
9244,D87B9CDF2F32A63D,electric_bike,2024-12-04 16:37:15.788,2024-12-04 16:41:58.273,,,W 54 St & 9 Ave,6920.05,40.76,-73.99,40.76604,-73.98737,member
10186,05A99FB486798B94,electric_bike,2024-12-02 12:55:35.251,2024-12-02 12:59:11.776,,,St Marks Pl & 2 Ave,5669.10,40.73,-73.99,40.7284186,-73.98713956,member
10791,972C5429241315F7,electric_bike,2024-12-05 13:33:34.396,2024-12-05 13:47:15.332,,,Berkeley Pl & 7 Ave,4051.01,40.7,-73.99,40.675146838709786,-73.97523209452629,member
10913,D33175100BD2E5AF,electric_bike,2024-12-12 16:49:21.249,2024-12-12 16:54:29.464,,,Christopher St & Greenwich St,5847.01,40.73,-73.99,40.73291553,-74.00711384,member
13865,F2C21345CABB4604,electric_bike,2024-12-09 16:57:38.694,2024-12-09 17:04:32.011,,,Allen St & Rivington St,5414.06,40.73,-73.99,40.72019576,-73.98997825,member
14685,0D19F91217FF3081,electric_bike,2024-12-03 15:37:23.463,2024-12-03 15:43:18.917,,,Queens Blvd & 56 Ave,5887.03,40.73,-73.87,40.73481,-73.87431,casual
14690,7F14EDD8D36CDACE,electric_bike,2024-12-08 19:41:16.281,2024-12-08 19:48:54.659,,,Broadway & Moylan Pl,7823.03,40.81,-73.95,40.8143256,-73.9590255,member
18599,858A6A8FB4C9DA15,electric_bike,2024-12-09 12:04:53.315,2024-12-09 12:06:41.298,,,Hudson St & Reade St,5359.10,40.72,-74.0,40.71625008,-74.0091059,member
21966,EB1CE864B0564FB9,electric_bike,2024-12-10 13:29:58.411,2024-12-10 14:42:28.742,,,,,40.77,-73.96,40.76,-73.97,member
21967,6925093D6E3FDB4E,electric_bike,2024-12-06 14:33:50.748,2024-12-06 15:53:23.301,,,,,40.77,-73.96,40.77,-73.97,member
21968,D065770AFC539F6A,electric_bike,2024-12-06 16:28:26.977,2024-12-06 18:40:35.988,,,,,40.77,-73.97,40.76,-73.97,member
21969,27E5F9043616A889,electric_bike,2024-12-06 19:17:40.173,2024-12-06 19:22:27.529,,,,,40.72,-74.0,40.72,-74.0,member
21999,3096978EB2D71A2E,electric_bike,2024-12-09 20:13:20.798,2024-12-09 20:20:15.618,,,,,40.75,-74.0,40.75,-74.0,member
22000,FA6C97C05672768F,electric_bike,2024-12-04 06:17:15.437,2024-12-04 06:22:43.098,,,,,40.75,-74.0,40.75,-74.0,member
22013,2BAE00440161B4C6,electric_bike,2024-12-05 09:53:41.880,2024-12-05 09:58:49.095,,,,,40.75,-74.0,40.75,-74.0,member
22015,5BE51D157B220C75,electric_bike,2024-12-06 14:51:20.754,2024-12-07 02:14:07.602,,,,,40.78,-73.96,40.66,-73.94,casual
22025,7D80C5D315EFA6F5,electric_bike,2024-12-05 08:31:15.519,2024-12-05 08:36:30.817,,,,,40.75,-74.0,40.75,-74.0,member
22031,C2FF229CAAEE35CA,electric_bike,2024-12-02 17:06:37.470,2024-12-02 18:18:44.130,,,,,40.75,-74.0,40.75,-74.0,member
22032,5C80D9EC8ED388E7,electric_bike,2024-12-12 17:35:23.651,2024-12-12 17:46:06.188,,,,,40.71,-73.99,40.71,-73.99,member
22034,3C85AF320F526E23,electric_bike,2024-12-04 08:16:48.856,2024-12-04 08:35:10.994,,,,,40.74,-73.95,40.74,-73.95,member
22036,9DB9717D3303AF9A,electric_bike,2024-12-02 10:19:27.251,2024-12-02 10:30:41.227,,,,,40.76,-74.0,40.76,-74.0,member
22040,65FF5C1BCE73E1B6,electric_bike,2024-12-12 14:58:27.550,2024-12-12 15:54:38.121,,,,,40.69,-73.99,40.69,-73.99,member
22045,04081824D157F558,electric_bike,2024-12-12 16:28:40.752,2024-12-12 16:53:52.819,,,,,40.76,-73.97,40.77,-73.98,member
22048,8A72E97EF1F86C97,electric_bike,2024-12-02 13:33:25.270,2024-12-02 13:41:30.665,,,,,40.76,-74.0,40.76,-74.0,member
22052,0D7B1F835CC07267,electric_bike,2024-12-10 10:52:39.453,2024-12-10 11:05:17.543,,,,,40.76,-74.0,40.76,-74.0,member
22054,5D38C3A474EB14A8,electric_bike,2024-12-12 20:15:28.807,2024-12-12 20:27:41.869,,,,,40.71,-73.96,40.71,-73.96,member
22056,2EACF3960628A50F,electric_bike,2024-12-11 17:31:00.613,2024-12-11 18:11:38.387,,,,,40.76,-74.0,40.76,-74.0,member
22059,27F933DE74016B64,electric_bike,2024-12-10 18:28:37.115,2024-12-10 19:41:58.017,,,,,40.75,-74.0,40.75,-74.0,casual
22094,65996BE201B29C1E,electric_bike,2024-12-12 19:33:40.100,2024-12-12 22:26:31.442,,,,,40.76,-73.98,40.76,-73.98,casual
22100,FB2819B6C3F8ADF2,electric_bike,2024-12-04 08:57:56.510,2024-12-04 09:13:40.393,,,,,40.76,-74.0,40.76,-74.0,member
22102,641B27D735941A3A,electric_bike,2024-12-02 08:26:23.312,2024-12-02 08:40:52.848,,,,,40.73,-74.01,40.73,-74.01,member
22104,945D6EB3049D9333,electric_bike,2024-12-12 16:04:31.527,2024-12-12 17:22:54.547,,,,,40.76,-73.97,40.76,-74.0,casual
22106,72EF8C642CD0995C,electric_bike,2024-12-02 12:48:27.174,2024-12-02 13:59:45.312,,,,,40.73,-73.99,40.74,-73.99,casual
22110,D39385501D0CAE23,electric_bike,2024-12-08 13:52:33.343,2024-12-08 15:01:05.801,,,,,40.79,-73.95,40.78,-73.95,member
23775,3643C747DAA3DB56,electric_bike,2024-12-07 22:19:28.609,2024-12-07 22:42:49.132,,,Lexington Ave & E 24 St,6089.07,40.75,-73.99,40.74025878,-73.98409214,casual
25455,8494B8070C2B5ACB,electric_bike,2024-12-11 21:06:46.734,2024-12-11 21:11:48.074,,,Hanson Pl & Ashland Pl,4395.07,40.68,-73.97,40.68506807308177,-73.97790759801863,member
25457,B80BBDC6E7F95CB0,electric_bike,2024-12-05 18:43:15.283,2024-12-05 18:49:16.358,,,E 33 St & 5 Ave,6322.01,40.74,-73.99,40.74765947,-73.98490707,member
26212,1525DA3C83A757E3,electric_bike,2024-12-09 20:22:18.213,2024-12-09 20:29:30.830,,,Christopher St & Greenwich St,5847.01,40.74,-73.99,40.73291553,-74.00711384,member
26220,ADC6D5DC04E9A7DA,electric_bike,2024-12-11 16:45:27.690,2024-12-11 17:03:19.950,,,1 Ave & E 6 St,5626.15,40.76,-73.98,40.72633085971696,-73.98616880178452,member
26225,9A7D08E0EB787824,electric_bike,2024-12-14 16:46:57.020,2024-12-14 16:53:43.286,,,Christopher St & Greenwich St,5847.01,40.72,-74.0,40.73291553,-74.00711384,member
28395,039413B32D17847B,electric_bike,2024-12-05 13:32:48.977,2024-12-05 13:40:03.116,,,Degraw St & Hoyt St,4258.07,40.7,-73.99,40.681990442707026,-73.99079024791718,member
32279,7D40D265C1346C6C,electric_bike,2024-12-10 09:29:25.240,2024-12-10 09:39:44.381,,,E 67 St & Park Ave,6932.14,40.75,-73.97,40.76780080148132,-73.96592080593109,member
35349,4D6AA2B4F73F9C76,electric_bike,2024-12-10 14:14:02.334,2024-12-10 14:22:04.679,,,St Marks Pl & 2 Ave,5669.10,40.75,-73.97,40.7284186,-73.98713956,casual
35976,580750A43FB6958F,electric_bike,2024-12-12 03:09:16.211,2024-12-12 03:16:24.627,,,,,40.72,-74.0,40.72,-74.0,member
35978,4EAB825EB12979AF,electric_bike,2024-12-12 17:00:47.741,2024-12-12 18:35:38.115,,,,,40.76,-73.98,40.75,-73.99,member
35994,09E23E87B23708B7,electric_bike,2024-12-05 19:51:25.093,2024-12-05 19:54:07.789,,,,,40.71,-74.01,40.71,-74.01,member
35998,CC5EDB7232229697,electric_bike,2024-12-10 22:30:45.411,2024-12-10 22:34:12.960,,,,,40.72,-74.0,40.72,-74.0,member
35999,59311967D94ACB84,electric_bike,2024-12-04 18:54:00.381,2024-12-04 19:06:32.287,,,,,40.75,-74.0,40.75,-74.0,member
36297,B5FA4EA7EFDDA1CB,electric_bike,2024-12-08 21:12:48.447,2024-12-08 22:20:46.891,,,,,40.72,-74.0,40.72,-74.0,member
36299,90A1C3D1D690A0F0,electric_bike,2024-12-06 20:03:02.302,2024-12-06 20:10:38.268,,,,,40.72,-74.0,40.72,-74.0,member
36304,E96475C81B754373,electric_bike,2024-12-08 21:27:01.867,2024-12-08 22:24:42.925,,,,,40.74,-74.0,40.75,-74.0,member
36305,406415E9090B8C0B,electric_bike,2024-12-11 15:11:02.993,2024-12-11 15:20:03.714,,,,,40.72,-74.0,40.72,-74.0,member
36306,93CD77EAA2143095,electric_bike,2024-12-08 10:16:11.487,2024-12-08 10:23:17.849,,,,,40.74,-73.98,40.74,-73.98,member
36317,E888A1D109F0C8AE,electric_bike,2024-12-10 10:18:47.849,2024-12-10 10:26:59.663,,,,,40.76,-74.0,40.76,-74.0,member
36321,C07213545BA1AC1B,electric_bike,2024-12-07 15:20:01.790,2024-12-07 15:24:47.135,,,,,40.71,-73.96,40.71,-73.96,member
36323,67A6E94A8DB8C9A1,electric_bike,2024-12-03 16:09:47.856,2024-12-03 16:17:40.591,,,,,40.72,-74.0,40.72,-74.0,member
36325,29D6D4BF65DF5817,electric_bike,2024-12-12 14:44:01.430,2024-12-12 15:04:04.517,,,,,40.72,-73.95,40.72,-73.95,member
36327,3315C346B37C4BAE,electric_bike,2024-12-07 18:21:37.804,2024-12-07 19:21:47.129,,,,,40.71,-73.96,40.71,-73.96,casual
36332,B8A9A54A2D019EF7,electric_bike,2024-12-01 12:30:24.385,2024-12-01 12:37:08.437,,,,,40.76,-74.0,40.76,-74.0,member
36333,555D099C17386B0A,electric_bike,2024-12-03 09:49:22.434,2024-12-03 09:56:17.276,,,,,40.76,-74.0,40.76,-74.0,member
36342,D31BDB28C2D61BFF,electric_bike,2024-12-03 22:15:44.796,2024-12-03 22:40:07.087,,,,,40.75,-74.0,40.75,-74.0,member
36351,D929504BFA55DC84,electric_bike,2024-12-07 00:26:45.429,2024-12-07 01:26:48.313,,,,,40.72,-74.0,40.72,-74.0,casual
36355,0D8276F9A6DD341F,electric_bike,2024-12-10 06:21:51.799,2024-12-10 06:51:27.329,,,,,40.72,-74.0,40.72,-74.0,member
36357,961338157949A789,electric_bike,2024-12-04 19:42:22.647,2024-12-04 19:51:28.263,,,,,40.75,-74.0,40.75,-74.0,member
36365,3EE4AEEC2748FBE7,electric_bike,2024-12-12 20:31:04.950,2024-12-12 20:41:54.666,,,,,40.71,-73.96,40.71,-73.96,member
36366,F7A4C6B917D0DAF5,electric_bike,2024-12-12 21:41:16.707,2024-12-12 21:44:19.768,,,,,40.71,-73.96,40.71,-73.96,member
36368,164170B328CB5B97,electric_bike,2024-12-07 20:04:22.010,2024-12-07 21:27:58.940,,,,,40.69,-73.98,40.69,-73.98,member
36369,8CB035D7B809321F,electric_bike,2024-12-12 15:20:08.419,2024-12-12 15:47:23.518,,,,,40.72,-74.0,40.72,-74.0,member
36372,2DE784331DA921D1,electric_bike,2024-12-11 19:26:29.124,2024-12-11 20:13:21.898,,,,,40.82,-73.92,40.84,-73.91,member
36373,02C506183F8C7862,electric_bike,2024-12-07 23:26:39.564,2024-12-07 23:57:53.755,,,,,40.74,-73.98,40.74,-73.98,member
36386,8DBAD01F03B453BB,electric_bike,2024-12-05 03:10:02.398,2024-12-05 03:25:05.208,,,,,40.75,-74.0,40.75,-74.0,member
36389,9D4A3BEEF4468F5E,electric_bike,2024-12-12 23:10:27.029,2024-12-12 23:20:41.476,,,,,40.73,-73.98,40.73,-73.98,member
36391,931148506AF51F4C,electric_bike,2024-12-10 08:08:38.713,2024-12-10 08:50:17.228,,,,,40.78,-73.95,40.78,-73.95,member
36397,9C85B56267BE7F53,electric_bike,2024-12-07 00:11:05.397,2024-12-07 00:19:22.997,,,,,40.72,-74.0,40.72,-74.0,member
36449,442F714149F14277,electric_bike,2024-12-12 16:41:04.580,2024-12-12 16:44:45.492,,,,,40.78,-73.95,40.79,-73.95,member
36451,9970A48ED26700CB,electric_bike,2024-12-10 13:42:01.597,2024-12-10 13:44:48.041,,,,,40.76,-74.0,40.76,-74.0,member
36593,34CB7CDC03C5DA0E,electric_bike,2024-12-14 15:31:38.187,2024-12-14 15:39:25.449,,,,,40.73,-73.99,40.73,-73.99,member
36594,F118B888BB07082F,electric_bike,2024-12-09 23:49:05.900,2024-12-09 23:55:43.560,,,,,40.74,-73.98,40.74,-73.98,member
36595,A97843437856A453,electric_bike,2024-12-07 15:38:17.312,2024-12-07 15:40:23.139,,,,,40.72,-74.0,40.72,-74.0,member
36596,F3ADCB22A08AE9F6,electric_bike,2024-12-07 14:48:03.697,2024-12-07 14:53:39.769,,,,,40.71,-73.96,40.71,-73.96,member
36611,554F47AA8FEB50BC,electric_bike,2024-12-10 18:52:18.474,2024-12-10 19:10:46.589,,,,,40.73,-73.94,40.74,-73.91,member
36612,55D066F4BDE63B5B,electric_bike,2024-12-12 08:16:22.207,2024-12-12 08:22:47.545,,,,,40.76,-74.0,40.76,-74.0,member
36617,DEA56FB8A0A23E7A,electric_bike,2024-12-11 18:14:56.101,2024-12-11 19:17:31.008,,,,,40.72,-74.0,40.72,-74.0,casual
36618,7C85FCE9F5E51B31,electric_bike,2024-11-30 23:05:00.757,2024-12-01 00:02:32.947,,,,,40.72,-74.0,40.72,-74.0,casual
36619,A6D8AB1E2EC44217,electric_bike,2024-12-01 15:11:33.105,2024-12-01 15:19:26.558,,,,,40.76,-74.0,40.76,-74.0,casual
36626,4A2D58C1F0C45EBF,electric_bike,2024-12-11 10:28:49.092,2024-12-11 11:32:46.122,,,,,40.76,-74.0,40.76,-74.0,casual
36629,66064202A585D718,electric_bike,2024-12-07 23:47:40.724,2024-12-08 01:48:48.433,,,,,40.71,-74.0,40.73,-74.0,casual
36630,2ACDA6FE0542735C,electric_bike,2024-12-04 06:35:26.317,2024-12-04 06:43:53.821,,,,,40.75,-74.0,40.75,-74.0,casual
36633,EC18A6956563F3A7,electric_bike,2024-12-12 14:25:31.705,2024-12-12 15:46:12.433,,,,,40.67,-73.98,40.67,-73.98,member
36635,2210EE1738E4A387,electric_bike,2024-12-01 01:36:45.693,2024-12-01 01:41:30.963,,,,,40.72,-74.0,40.72,-74.0,member
36637,1C18785BC0412B22,electric_bike,2024-12-08 14:23:42.866,2024-12-08 14:32:53.850,,,,,40.72,-74.0,40.72,-74.0,member
36645,33AAE34CF209CD26,electric_bike,2024-12-08 12:17:24.806,2024-12-08 14:20:26.626,,,,,40.75,-73.97,40.74,-73.99,casual
36647,7753E5EB49692570,electric_bike,2024-12-12 15:05:20.058,2024-12-12 15:41:09.516,,,,,40.77,-73.95,40.77,-73.95,member
36648,82C412DB7DA70FCF,electric_bike,2024-12-08 10:55:13.390,2024-12-08 11:06:26.196,,,,,40.74,-73.98,40.75,-73.98,member
36651,B5C8822541A0E4C0,electric_bike,2024-12-14 16:47:07.664,2024-12-14 16:51:07.169,,,,,40.75,-73.97,40.75,-73.97,member
36654,DA64FD22FDD2D5B9,electric_bike,2024-12-04 19:30:36.640,2024-12-04 19:37:47.864,,,,,40.75,-74.0,40.75,-74.0,member
36656,D03AC34D12466241,electric_bike,2024-12-07 14:29:39.528,2024-12-07 15:33:23.208,,,,,40.75,-74.0,40.75,-74.0,member
36658,CC35E6AA84088BD1,electric_bike,2024-12-07 10:14:37.289,2024-12-07 18:44:29.404,,,,,40.81,-73.93,40.81,-73.94,member
36660,62B3157D1E6E38AE,electric_bike,2024-12-08 00:45:25.258,2024-12-08 00:49:25.708,,,,,40.74,-73.98,40.74,-73.98,member
43925,C415902F84AD5997,electric_bike,2024-12-09 16:38:28.352,2024-12-09 16:42:25.860,,,Lafayette St & Grand St,5422.09,40.73,-74.0,40.72028,-73.99879,member
44240,FB0FFDCDE020EE35,electric_bike,2024-12-12 18:51:05.378,2024-12-12 18:55:22.166,,,W 20 St & 10 Ave,6306.01,40.75,-73.99,40.745686,-74.005141,casual
45631,7592378C3E41DBD0,electric_bike,2024-12-12 14:19:28.603,2024-12-12 14:59:45.928,,,E 95 St & 3 Ave,,40.77,-73.98,40.78,-73.95,member
48062,EFB442D30A4FA0D3,electric_bike,2024-12-12 16:42:32.032,2024-12-12 16:46:19.039,,,E 4 St & Ave B,5515.08,40.72,-73.98,40.723346832180155,-73.98265913128853,member
67393,61D4CBC9ED354042,electric_bike,2024-12-12 14:59:24.938,2024-12-12 15:38:40.410,,,,,40.77,-73.95,40.77,-73.95,member
67395,E512E613D854DF65,electric_bike,2024-12-02 08:27:47.558,2024-12-02 08:41:07.861,,,,,40.71,-74.01,40.71,-74.01,member
67397,294E62968A02B745,electric_bike,2024-12-11 17:26:10.416,2024-12-11 17:30:38.129,,,W 10 St & Washington St,5847.06,40.73,-74.01,40.73342399437081,-74.00851495563984,member
67404,0786DA56D2E53018,electric_bike,2024-12-10 18:20:29.036,2024-12-10 18:25:10.738,,,,,40.75,-74.0,40.75,-74.0,member
69964,48A7FB28C82251F4,electric_bike,2024-12-12 16:58:38.571,2024-12-12 17:11:54.041,,,W 20 St & 11 Ave,6306.07,40.73,-73.98,40.746745,-74.007756,casual
78268,561919842361FE0D,electric_bike,2024-12-09 18:47:33.586,2024-12-09 19:02:31.253,,,Queens Blvd & 56 Ave,5887.03,40.74,-73.88,40.73481,-73.87431,member
79295,A39A5B33043A28E5,electric_bike,2024-12-10 14:11:16.295,2024-12-10 14:15:09.980,,,Madison St & Woodward Ave,4954.07,40.7,-73.91,40.70408,-73.90408,member
93945,F8F61B0C45E536C3,electric_bike,2024-12-12 15:49:03.827,2024-12-12 17:09:50.441,,,Broadway & E 14 St,5905.12,40.73,-73.99,40.73454567,-73.99074142,member
98177,E2957F3875FB683F,electric_bike,2024-12-12 16:45:43.652,2024-12-12 16:54:25.360,,,Mott St & Prince St,5561.04,40.73,-74.01,40.72317958,-73.99480012,member
100861,8050B04978D738C8,electric_bike,2024-12-02 07:12:31.551,2024-12-02 07:16:37.860,,,,,40.76,-74.0,40.76,-74.0,casual
100866,6B2F3A748A9770D4,electric_bike,2024-12-12 16:01:54.858,2024-12-12 16:32:41.379,,,,,40.77,-73.99,40.77,-73.99,member
100869,D43E93C7C6AD2975,electric_bike,2024-12-10 11:25:59.944,2024-12-10 11:34:33.579,,,,,40.76,-74.0,40.76,-74.0,member
100872,B88FD889C34A70A6,electric_bike,2024-12-02 15:21:43.378,2024-12-02 15:35:46.576,,,,,40.72,-74.0,40.72,-74.0,member
100877,EBF039A74BF764AB,electric_bike,2024-12-01 12:59:47.468,2024-12-01 13:13:35.501,,,,,40.68,-73.92,40.68,-73.92,member
100881,1BD87352B9B5D0B1,electric_bike,2024-12-04 02:22:33.747,2024-12-04 02:29:55.930,,,,,40.75,-74.0,40.75,-74.0,casual
100882,BC0A522F840B5461,electric_bike,2024-12-08 14:42:55.936,2024-12-08 14:50:16.742,,,,,40.74,-73.98,40.74,-73.98,member
100887,3B1FC596582F9AC2,electric_bike,2024-12-02 08:30:35.696,2024-12-02 08:38:07.578,,,,,40.76,-74.0,40.76,-74.0,member
100892,934C411A8CD38B55,electric_bike,2024-12-12 08:59:21.416,2024-12-12 09:02:11.664,,,,,40.76,-74.0,40.76,-74.0,member
100900,1945B58407456DC1,electric_bike,2024-12-11 09:56:03.083,2024-12-11 10:03:07.915,,,,,40.76,-74.0,40.76,-74.0,member
100904,541B3F3F04CCE792,electric_bike,2024-12-05 17:32:58.912,2024-12-05 17:41:33.754,,,,,40.72,-74.0,40.72,-74.0,casual
100905,D538D62A9B0BA7E3,electric_bike,2024-12-11 21:36:13.747,2024-12-11 22:38:58.221,,,,,40.72,-74.0,40.72,-74.0,casual
100908,94159BF054BADBCE,electric_bike,2024-12-08 10:49:50.011,2024-12-08 10:53:34.583,,,,,40.75,-74.0,40.75,-74.0,member
100911,8AC3510306C0343C,electric_bike,2024-12-04 00:06:14.453,2024-12-04 00:20:04.071,,,,,40.75,-74.0,40.75,-74.0,member
102834,4361CC7CA1470A85,electric_bike,2024-12-09 15:39:37.581,2024-12-09 15:42:36.107,,,LaGuardia Pl & W 3 St,5721.14,40.72,-74.0,40.72917025,-73.99810231,member
104338,002C5696E68BB30D,electric_bike,2024-12-12 16:43:46.012,2024-12-12 16:52:27.183,,,E 40 St & 5 Ave,6474.11,40.76,-74.0,40.752062307,-73.9816324043,casual
107188,D1C0C9C986899DA9,electric_bike,2024-12-04 13:17:24.513,2024-12-04 13:21:18.909,,,S 3 St & Bedford Ave,5235.05,40.72,-73.96,40.71260486,-73.96264403,member
108466,7CDA0DDD1D1F91EB,electric_bike,2024-12-04 22:11:26.871,2024-12-04 22:29:01.537,,,Hudson St & Reade St,5359.10,40.71,-73.98,40.71625008,-74.0091059,member
109076,D8251650844BAA1D,electric_bike,2024-12-05 14:45:43.788,2024-12-05 14:56:17.221,,,E 22 St & 2 Ave,5971.09,40.75,-73.98,40.73716919369882,-73.98122549057007,member
109082,3647F8D90526D0FE,electric_bike,2024-12-12 23:24:09.111,2024-12-12 23:32:49.947,,,Market St & Henry St,5270.09,40.72,-73.98,40.71310702305908,-73.99446353316307,member
109093,4A0686DB01EC0A93,electric_bike,2024-12-09 15:29:11.690,2024-12-09 15:36:35.827,,,Halsey St & Tompkins Ave,4319.07,40.69,-73.96,40.6823687,-73.944118,member
109094,7193C2F443948B37,electric_bike,2024-12-11 10:48:19.518,2024-12-11 10:57:25.701,,,Halsey St & Tompkins Ave,4319.07,40.69,-73.98,40.6823687,-73.944118,member
109096,33E84AC91AF03173,electric_bike,2024-12-12 20:12:58.744,2024-12-12 20:18:41.941,,,Lafayette St & E 8 St,5788.13,40.74,-74.0,40.73020660529954,-73.99102628231049,casual
109113,0078B895ADD2AE9F,electric_bike,2024-12-10 16:55:50.083,2024-12-10 17:12:33.823,,,6 Ave & W 45 St,6593.15,40.75,-74.0,40.756951,-73.982631,member
109118,E70D05801C28BD90,electric_bike,2024-12-12 17:03:16.939,2024-12-12 17:20:18.463,,,Halsey St & Tompkins Ave,4319.07,40.67,-73.98,40.6823687,-73.944118,member
110323,6F945D7DC96E2B4B,electric_bike,2024-12-04 09:24:34.521,2024-12-04 09:28:16.425,,,12 Ave & W 40 St,6765.01,40.76,-74.0,40.76087502,-74.00277668,member
111098,D57B6849F7B076CA,electric_bike,2024-12-08 13:56:42.349,2024-12-08 14:03:29.542,,,6 Ave & Broome St,5610.09,40.73,-73.99,40.72431,-74.00473,casual
112241,9ADB6E4A4A69B950,electric_bike,2024-12-13 09:46:20.806,2024-12-13 09:52:05.741,,,W Broadway & Watts St,5569.07,40.72,-74.02,40.72323,-74.00314,member
112301,BA1C59089104B42B,electric_bike,2024-12-04 11:47:31.303,2024-12-04 12:09:30.041,,,E 91 St & 2 Ave,7286.01,40.79,-73.92,40.78115276427915,-73.94963040947914,casual
112305,7EE1FBF5BC0F892E,electric_bike,2024-12-10 11:10:42.057,2024-12-10 11:12:40.782,,,E 103 St & Lexington Ave,7463.09,40.79,-73.94,40.7903051,-73.94755757,member
115872,965200D73D178DD2,electric_bike,2024-12-06 18:32:14.213,2024-12-06 18:43:42.648,,,E 63 St & 3 Ave,6830.02,40.78,-73.96,40.763954,-73.9646,member
116991,B25FF97633F32066,electric_bike,2024-12-11 00:25:08.805,2024-12-11 00:48:49.070,,,W 44 St & 5 Ave,6551.02,40.76,-73.98,40.75500254,-73.98014437,casual
118121,2085C340B6BA5B4C,electric_bike,2024-12-13 13:26:56.673,2024-12-13 13:31:52.627,,,Mercer St & Bleecker St,5679.05,40.74,-74.01,40.72706363348306,-73.99662137031554,member
120234,3006F34B24D29BCD,electric_bike,2024-12-09 18:29:00.002,2024-12-09 18:38:32.972,,,N Henry St & Norman Ave,5656.03,40.74,-73.95,40.7277,-73.94395,member
125462,08362008B08686D0,electric_bike,2024-12-13 15:36:09.454,2024-12-13 16:07:25.290,,,35 Ave & 10 St,6806.06,40.77,-73.92,40.76315481910373,-73.93985509872437,member
126833,853FD123975B1DF8,electric_bike,2024-12-01 16:26:49.979,2024-12-01 17:08:35.537,,,E 94 St & Madison Ave,7344.01,40.73,-74.01,40.78585105291389,-73.95482444378061,member
127930,B2719A4524C62A4B,electric_bike,2024-12-04 08:37:15.465,2024-12-04 08:49:47.588,,,W 30 St & 10 Ave,6459.07,40.72,-74.01,40.752694,-74.002353,member
129785,F406A7A897138349,electric_bike,2024-12-08 16:42:14.921,2024-12-08 16:55:40.229,,,E 97 St & Madison Ave,7393.09,40.78,-73.93,40.787801,-73.953559,casual
130817,1B1D5443CE2CD20F,electric_bike,2024-12-07 11:55:47.258,2024-12-07 12:01:00.929,,,,,40.65,-73.97,40.65,-73.97,member
130824,3563A5788BB23A77,electric_bike,2024-12-01 01:14:01.189,2024-12-01 01:24:27.949,,,,,40.7,-73.94,40.7,-73.94,member
130831,CCA2E391C5D86803,electric_bike,2024-12-05 22:04:54.985,2024-12-05 22:22:52.975,,,,,40.69,-73.93,40.69,-73.9,member
130832,454E4D8709CDD8F4,electric_bike,2024-12-12 22:26:11.905,2024-12-12 22:28:57.061,,,,,40.75,-73.96,40.75,-73.96,member
130835,A1F21BEE45A62E94,electric_bike,2024-12-12 08:25:27.140,2024-12-12 08:32:27.188,,,,,40.72,-73.98,40.72,-73.98,member
130836,0BA435D40E7948FE,electric_bike,2024-12-08 17:18:29.787,2024-12-08 18:57:42.249,,,,,40.73,-74.0,40.72,-74.0,member
130838,7CB13AEFC45F82F0,electric_bike,2024-12-09 19:21:10.590,2024-12-09 19:28:45.683,,,,,40.75,-73.99,40.75,-73.99,member
130846,D96B7602DCEB805E,electric_bike,2024-12-03 09:03:02.964,2024-12-03 09:06:25.372,,,,,40.76,-74.0,40.76,-74.0,casual
130850,0AB301B61D1E8C2D,electric_bike,2024-12-12 15:23:12.183,2024-12-12 15:45:07.498,,,,,40.78,-73.96,40.78,-73.96,member
130857,9928EA8E8E3EC506,electric_bike,2024-12-05 18:26:05.071,2024-12-05 18:30:30.136,,,,,40.72,-74.0,40.72,-74.0,member
130858,46650C331A9268D8,electric_bike,2024-12-08 16:10:08.343,2024-12-08 16:28:26.015,,,,,40.73,-74.0,40.73,-74.01,member
130907,3CE6C0403BE95AA4,electric_bike,2024-12-06 20:14:18.254,2024-12-06 20:20:53.141,,,,,40.72,-74.0,40.72,-74.0,member
130909,53264514DE9983CD,electric_bike,2024-12-03 09:59:33.093,2024-12-03 10:59:39.429,,,,,40.76,-74.0,40.76,-74.0,member
130910,334A3D117D82100F,electric_bike,2024-12-11 19:26:54.430,2024-12-11 19:34:40.592,,,,,40.72,-74.0,40.72,-74.0,member
130911,0205D90943C028A3,electric_bike,2024-12-11 22:53:18.468,2024-12-11 22:59:56.924,,,,,40.72,-74.0,40.72,-74.0,member
130913,E29E1E3EA0050463,electric_bike,2024-12-06 15:24:17.501,2024-12-06 20:33:38.548,,,,,40.72,-74.0,40.71,-73.99,member
130916,9A071B7D9BA97315,electric_bike,2024-12-12 17:20:13.707,2024-12-12 18:14:33.193,,,,,40.71,-73.96,40.71,-73.96,member
130917,B530A72F000C030D,electric_bike,2024-12-02 19:30:12.598,2024-12-02 19:34:41.706,,,,,40.74,-73.98,40.74,-73.98,member
130919,19D6FDC5C9EEADBE,electric_bike,2024-12-08 06:09:38.777,2024-12-08 07:14:45.906,,,,,40.75,-73.94,40.75,-73.94,member
131331,3AF642ECF10F2CAE,electric_bike,2024-12-03 09:14:41.652,2024-12-03 09:17:47.164,,,,,40.76,-74.0,40.76,-74.0,member
131342,EF3D9B7C08A3FDD6,electric_bike,2024-12-10 18:03:45.239,2024-12-10 19:08:53.085,,,,,40.75,-73.99,40.75,-73.98,member
131344,00F0FD3A33257BFB,electric_bike,2024-12-08 17:19:36.943,2024-12-08 17:25:42.081,,,,,40.74,-73.98,40.74,-73.98,member
131355,8DA09384D1A5694B,electric_bike,2024-12-10 08:17:55.652,2024-12-10 09:51:40.171,,,,,40.76,-74.0,40.76,-74.0,casual
131356,E77DB6EDD442845E,electric_bike,2024-12-10 13:10:36.845,2024-12-10 13:23:22.461,,,,,40.76,-74.0,40.76,-74.0,casual
131359,A218633D2632C43E,electric_bike,2024-12-12 17:46:06.589,2024-12-12 17:47:51.684,,,E 74 St & 1 Ave,6953.08,40.77,-73.96,40.7689738,-73.95482273,member
131360,80D543A9053BE4C4,electric_bike,2024-12-11 09:32:48.798,2024-12-11 09:42:42.045,,,,,40.76,-74.0,40.76,-74.0,member
131364,64E35F9C7D2AF1D4,electric_bike,2024-12-02 07:56:50.888,2024-12-02 08:02:28.918,,,,,40.71,-74.01,40.71,-74.01,member
131383,5ECB64F745BFE3C9,electric_bike,2024-12-02 10:10:50.709,2024-12-02 10:13:13.166,,,,,40.76,-74.0,40.76,-74.0,casual
131384,8FF143C5E0D1D0F4,electric_bike,2024-12-03 12:30:27.572,2024-12-03 12:39:07.835,,,,,40.76,-74.0,40.76,-74.0,casual
131387,0FD6F44037EF7057,electric_bike,2024-12-09 11:11:10.812,2024-12-09 11:25:00.364,,,,,40.68,-73.91,40.69,-73.92,casual
131389,4B18268C4003C5F8,electric_bike,2024-12-08 08:13:26.133,2024-12-08 08:53:45.848,,,,,40.74,-73.98,40.74,-73.98,member
131393,24BC1BB79554E23A,electric_bike,2024-12-12 15:28:06.057,2024-12-12 16:10:21.062,,,,,40.73,-73.99,40.73,-73.99,member
131404,8B2930A8ED4876A1,electric_bike,2024-12-14 15:28:48.074,2024-12-14 15:36:15.363,,,,,40.75,-74.0,40.75,-74.0,casual
131405,0C897E727646E8BA,electric_bike,2024-12-02 12:10:45.927,2024-12-02 12:14:40.526,,,,,40.76,-74.0,40.76,-74.0,casual
131408,82873892CFA30C4D,electric_bike,2024-12-11 15:32:00.758,2024-12-11 15:39:14.774,,,,,40.72,-74.0,40.72,-74.0,member
132565,71814F9F5E1AEFF1,electric_bike,2024-12-12 17:22:59.177,2024-12-12 17:26:30.288,,,Huron St & Franklin St,5869.04,40.74,-73.95,40.73266,-73.95826,member
136062,C41435F6AC05702F,electric_bike,2024-12-05 15:05:39.741,2024-12-05 15:24:04.189,,,Ocean Ave & Tennis Ct,3223.07,40.67,-74.01,40.64873,-73.96084,member
137336,53353912732FE75F,electric_bike,2024-12-09 09:39:21.111,2024-12-09 09:51:32.820,,,Warren St & W Broadway,5288.09,40.69,-73.98,40.71473993,-74.00910627,member
145760,B948DF8AF175427B,electric_bike,2024-12-07 23:15:30.196,2024-12-07 23:22:50.419,,,Graham Ave & Conselyea St,5291.05,40.71,-73.93,40.715143,-73.944507,member
146365,75AC1D44B3382395,electric_bike,2024-12-03 16:58:46.458,2024-12-03 17:18:53.911,,,E 58 St & Madison Ave,6839.04,40.78,-73.97,40.76302594280519,-73.97209525108337,member
148602,396703A460DBF4E7,electric_bike,2024-12-06 12:19:22.863,2024-12-06 12:27:51.967,,,8 Ave & W 38 St,6526.05,40.74,-73.99,40.75461,-73.99177,member
150196,6CE2E56C51670F58,electric_bike,2024-12-07 12:19:34.194,2024-12-07 12:31:28.366,,,West Thames St,5114.06,40.75,-74.01,40.70834698,-74.01713445,member
150614,E64E5F150FD3067A,electric_bike,2024-12-13 07:25:30.505,2024-12-13 07:40:19.197,,,Broadway & Morris St,5033.01,40.74,-73.98,40.705945132708806,-74.01321887969969,member
152393,9F5AD5B395D02434,electric_bike,2024-12-10 12:05:39.054,2024-12-10 12:12:31.244,,,Henry St & Remsen St,4645.04,40.69,-74.0,40.69400964865994,-73.99465128779411,member
152950,A1BB49083110729E,electric_bike,2024-12-09 17:09:45.165,2024-12-09 17:36:34.605,,,W 54 St & 6 Ave,6771.13,40.72,-74.01,40.761865,-73.977242,member
152952,D11CF575AE5050FD,electric_bike,2024-12-01 16:27:26.345,2024-12-01 16:31:07.757,,,E 11 St & Ave B,5659.11,40.73,-73.99,40.72746420692392,-73.97950418293476,member
153912,BD45FE0F84A191D5,electric_bike,2024-12-03 00:22:36.048,2024-12-03 00:25:43.274,,,E 43 St & Madison Ave,6551.11,40.76,-73.98,40.75354681867074,-73.97896572947502,member
153922,C34166C4541C67AF,electric_bike,2024-12-06 18:19:57.750,2024-12-06 18:27:20.265,,,Madison St & Clinton St,5190.07,40.71,-73.98,40.71269042,-73.98776323,member
157553,03CCE766D96E008B,electric_bike,2024-12-13 20:32:56.627,2024-12-13 20:55:17.446,,,W 37 St & 10 Ave,6611.02,40.76,-73.98,40.75660359,-73.9979009,member
159290,B8BB281BD3904B58,electric_bike,2024-12-12 18:50:08.680,2024-12-12 19:04:58.575,,,1 Ave & E 68 St,6822.09,40.74,-73.98,40.76500525,-73.95818491,member
172175,C5E8E5CDC0A87BC4,electric_bike,2024-12-03 08:20:44.304,2024-12-03 08:40:08.319,,,E 56 St & 3 Ave,6691.11,40.8,-73.97,40.75934501,-73.96759673,member
177386,07AD6446392A5074,electric_bike,2024-12-08 07:31:09.912,2024-12-08 07:50:56.837,,,Amsterdam Ave & W 172 St,8242.04,40.83,-73.9,40.842173,-73.935111,casual
181127,2C90AADCDDD385D7,electric_bike,2024-12-08 10:57:52.790,2024-12-08 11:07:13.856,,,E 89 St & York Ave,7204.08,40.78,-73.95,40.7779453,-73.946041,member
181213,A9E21148DBAB2233,electric_bike,2024-12-12 18:50:41.009,2024-12-12 19:01:18.313,,,Washington St & Laight St,5509.02,40.71,-74.01,40.72231,-74.0106,member
181234,05078EFE7FF8D3F8,electric_bike,2024-12-12 17:26:34.911,2024-12-12 17:35:01.486,,,Henry St & Grand St,5294.04,40.73,-73.99,40.714211,-73.981095,casual
193210,FA7DF5371BBE7E16,electric_bike,2024-12-10 14:14:11.615,2024-12-10 14:25:02.949,,,Dean St & Franklin Ave,4107.13,40.69,-73.98,40.67759206937376,-73.955637216568,member
195841,30B76D4476012643,electric_bike,2024-12-12 18:56:39.855,2024-12-12 19:01:44.099,,,E 16 St & Irving Pl,5938.11,40.74,-74.0,40.735367055605394,-73.98797392845154,member
195846,97C24305C89BFDBF,electric_bike,2024-12-12 16:03:39.007,2024-12-12 16:06:07.890,,,W 51 St & 7 Ave,6779.07,40.76,-73.98,40.76167,-73.98256,member
196193,F7E77C129B354B9E,electric_bike,2024-12-04 17:02:48.676,2024-12-04 17:05:27.037,,,Wyckoff Ave & Gates Ave,4847.03,40.7,-73.92,40.699871408829885,-73.91171872615814,member
196932,CEB50D1EA9927BF5,electric_bike,2024-12-05 19:12:56.449,2024-12-05 19:24:18.913,,,11 Ave & Prospect Ave,3538.09,40.66,-73.99,40.65629,-73.977335,member
200521,1F5CD185F702740E,electric_bike,2024-12-01 16:25:12.070,2024-12-01 16:31:12.697,,,Murray St & West St,5329.08,40.73,-74.01,40.71503,-74.01246,casual
207140,F0DAA27A57A3E875,electric_bike,2024-12-13 10:57:21.761,2024-12-13 11:08:05.676,,,W 51 St & 7 Ave,6779.07,40.75,-73.98,40.76167,-73.98256,member
213913,112574A1AC4E9E69,electric_bike,2024-12-11 22:04:45.229,2024-12-11 22:10:10.036,,,Rivington St & Ridge St,5406.02,40.72,-73.99,40.71850211,-73.98329859,member
213919,32405C400CEA93F5,electric_bike,2024-12-04 12:46:11.900,2024-12-04 13:11:13.477,,,W 52 St & 6 Ave,,40.72,-73.96,40.76,-73.98,member
215917,2B98D15FCD111AD9,electric_bike,2024-12-10 14:08:33.975,2024-12-10 14:13:04.127,,,Hoe Ave & Jennings St,8095.06,40.84,-73.89,40.832171,-73.889686,member
216265,006E8BECE44CBD58,electric_bike,2024-12-09 16:30:24.053,2024-12-09 16:36:39.828,,,Huron St & Franklin St,5869.04,40.72,-73.95,40.73266,-73.95826,casual
223154,4AE0075164DB70EF,electric_bike,2024-12-05 11:24:45.425,2024-12-05 11:30:04.124,,,Main St & Plymouth St,4936.21,40.69,-74.0,40.703781673548306,-73.99073392152786,member
224103,843885730F9E6EBA,electric_bike,2024-12-12 16:47:35.872,2024-12-12 16:48:43.547,,,23 Ave & 27 St,7178.02,40.78,-73.92,40.776165,-73.9153175,member
230431,02348B938CC92A26,electric_bike,2024-12-04 21:55:54.136,2024-12-04 22:13:01.661,,,38 Ave & 29 St,6538.11,40.76,-73.99,40.75473,-73.93367,member
232420,5FDC8C663F708302,electric_bike,2024-12-07 16:31:27.567,2024-12-07 16:34:40.156,,,W 42 St & Dyer Ave,6644.07,40.75,-73.99,40.75898481399634,-73.99379968643188,member
232437,AAE2AC6AAB88948C,electric_bike,2024-12-12 18:31:22.830,2024-12-12 18:34:16.294,,,E 72 St & York Ave,6889.12,40.77,-73.96,40.76663814,-73.95348296,member
232535,47FB7CB6F7BEDAC0,electric_bike,2024-12-02 16:51:42.321,2024-12-02 17:16:06.885,,,E 72 St & York Ave,6889.12,40.77,-73.95,40.76663814,-73.95348296,member
233363,4D2B1413DA45A7B9,electric_bike,2024-12-09 19:00:53.041,2024-12-09 19:12:21.056,,,University Pl & E 14 St,5905.14,40.73,-74.01,40.734814,-73.992085,member
233549,17DFA02A49CE8D4E,electric_bike,2024-12-03 19:47:33.219,2024-12-03 19:53:54.986,,,E 51 St & 1 Ave,6532.06,40.76,-73.98,40.75455731,-73.96592976,member
238012,982297B789BF00BC,electric_bike,2024-12-12 17:50:08.507,2024-12-12 17:53:06.191,,,University Pl & E 14 St,5905.14,40.74,-73.99,40.734814,-73.992085,member
244025,68221A7A35DE7206,electric_bike,2024-12-07 13:59:50.159,2024-12-07 14:04:25.911,,,N 11 St & Kent Ave,5489.04,40.72,-73.96,40.72248188638219,-73.95921930670738,member
244080,06F20864BA0D7355,electric_bike,2024-12-09 17:16:42.913,2024-12-09 17:31:54.558,,,W 42 St & Dyer Ave,6644.07,40.72,-74.01,40.75898481399634,-73.99379968643188,member
254729,09ACEF15E57520DD,electric_bike,2024-12-13 08:49:34.001,2024-12-13 08:54:22.448,,,Washington Pl & 6 Ave,5838.09,40.74,-74.01,40.73224119,-74.00026394,member
254769,5178B37792B173CC,electric_bike,2024-12-06 22:31:00.507,2024-12-06 22:34:51.815,,,Washington Pl & 6 Ave,5838.09,40.74,-73.99,40.73224119,-74.00026394,casual
256551,4DD6B53F6880DD81,electric_bike,2024-12-12 16:45:08.255,2024-12-12 16:58:58.567,,,7 St & 3 Ave,3996.01,40.7,-73.97,40.67260298150126,-73.98983001708984,casual
265312,3B6E344CF21E85A6,electric_bike,2024-12-12 18:17:31.990,2024-12-12 18:26:17.311,,,E 58 St & 1 Ave (NW Corner),6723.1,40.77,-73.96,40.759125,-73.962658,member
265367,2D22CD925406257E,electric_bike,2024-12-12 17:13:40.635,2024-12-12 17:23:45.343,,,W 43 St & 10 Ave,6756.01,40.77,-73.98,40.76009437,-73.99461843,casual
265953,C045FE2E8276425E,electric_bike,2024-12-12 22:07:03.596,2024-12-12 22:15:46.488,,,W 43 St & 10 Ave,6756.01,40.76,-73.97,40.76009437,-73.99461843,member
266008,60CBC9EB44F31780,electric_bike,2024-12-12 17:54:10.097,2024-12-12 18:07:15.833,,,E 44 St & 2 Ave,6422.09,40.74,-74.01,40.75118387463277,-73.97138714790344,member
268035,1A2DFBEC3EEAAC09,electric_bike,2024-12-11 17:13:06.381,2024-12-11 17:20:31.251,,,W 43 St & 10 Ave,6756.01,40.74,-74.01,40.76009437,-73.99461843,member
269895,F08F4023FE1BBEE0,electric_bike,2024-12-13 10:48:03.131,2024-12-13 10:50:52.363,,,Suffolk St & Stanton St,5445.02,40.72,-73.99,40.72066442,-73.98517977,member
271643,8907DFA8ED417A4E,electric_bike,2024-12-06 16:08:17.634,2024-12-06 16:22:55.652,,,W 43 St & 10 Ave,6756.01,40.74,-73.99,40.76009437,-73.99461843,member
273275,ADFDD02CB9DBE0F1,electric_bike,2024-12-13 16:06:37.960,2024-12-13 16:24:01.894,,,Suffolk St & Stanton St,5445.02,40.76,-73.97,40.72066442,-73.98517977,member
283994,8678D9B14AB167C6,electric_bike,2024-12-09 15:24:43.088,2024-12-09 15:29:00.762,,,24 Ave & 87 St,6885.01,40.77,-73.87,40.7654,-73.88256,casual
284717,DBBB555A92EF95EF,electric_bike,2024-12-06 14:18:49.226,2024-12-06 14:54:29.403,,,3 Ave & E 112 St,7543.15,40.78,-73.96,40.795508,-73.941606,casual
293060,C2373410DB81F067,electric_bike,2024-12-12 16:45:46.677,2024-12-12 17:08:38.675,,,W 54 St & 9 Ave,6920.05,40.76,-73.99,40.76604,-73.98737,member
293116,74858BDC74FC8F90,electric_bike,2024-12-03 22:58:12.300,2024-12-03 23:06:04.993,,,Grove St & Fresh Pond Rd,5168.04,40.71,-73.9,40.71032,-73.89955,member
298375,AC94C00F280CAF3E,electric_bike,2024-12-14 01:33:37.193,2024-12-14 01:37:24.634,,,Washington Park,4546.05,40.69,-73.98,40.6917823,-73.9737299,casual
300019,57EBCA7575272818,electric_bike,2024-12-13 12:17:10.952,2024-12-13 12:21:18.408,,,Melrose Ave & E 150 St,7879.01,40.82,-73.91,40.816827,-73.917338,casual
300020,92E2EF64A183BB65,electric_bike,2024-12-03 16:39:41.458,2024-12-03 16:44:53.011,,,Melrose Ave & E 150 St,7879.01,40.82,-73.9,40.816827,-73.917338,member
300024,FBEBCC0C60B87CB8,electric_bike,2024-12-13 03:25:38.643,2024-12-13 03:31:11.020,,,Lexington Ave & E 24 St,6089.07,40.75,-73.97,40.74025878,-73.98409214,member
300679,7927A5A9041B3CF2,electric_bike,2024-12-12 17:21:01.519,2024-12-12 17:39:23.369,,,E 106 St & 1 Ave,7456.03,40.79,-73.98,40.7892529,-73.93956237,casual
303749,CC5F3CAD671F98EB,electric_bike,2024-12-10 08:15:39.435,2024-12-10 08:20:12.246,,,Bond St & Fulton St,4479.06,40.69,-73.98,40.6896218879,-73.9830426872,casual
317370,5174C42CD4DFD4AB,electric_bike,2024-12-14 18:44:22.118,2024-12-14 18:48:27.811,,,Devoe St & Lorimer St,5259.06,40.72,-73.95,40.71335226222875,-73.9491033554077,member
317371,C671ED35977A1845,electric_bike,2024-12-14 08:04:56.609,2024-12-14 08:06:30.201,,,Devoe St & Lorimer St,5259.06,40.72,-73.95,40.71335226222875,-73.9491033554077,member
317376,B23D7F589A4269AC,electric_bike,2024-12-04 16:10:42.092,2024-12-04 16:34:32.982,,,Putnam Ave & Nostrand Ave,4327.09,40.72,-74.0,40.68402,-73.94977,member
317392,D9143494B471702D,electric_bike,2024-12-12 22:00:30.043,2024-12-12 22:11:52.030,,,Broadway & Morris St,5033.01,40.71,-73.99,40.705945132708806,-74.01321887969969,member
327024,D004EC6006DDD519,electric_bike,2024-12-12 15:18:03.143,2024-12-12 15:20:16.021,,,E 53 St & 3 Ave,,40.76,-73.97,40.76,-73.97,member
327295,E48C13B4E31AA85A,electric_bike,2024-12-10 14:08:58.248,2024-12-10 14:20:45.548,,,MacDougal St & Washington Sq,5797.01,40.71,-74.01,40.73226398,-73.99852205,casual
328295,C695B7C541E85046,electric_bike,2024-12-03 16:05:04.536,2024-12-03 16:07:53.376,,,E 53 St & Madison Ave,6659.03,40.76,-73.97,40.7597108,-73.97402311,member
329487,9CAC04F2942B1773,electric_bike,2024-12-09 17:01:33.682,2024-12-09 17:03:59.834,,,E 53 St & Madison Ave,6659.03,40.76,-73.97,40.7597108,-73.97402311,member
329492,C842C7BE23E68F8E,electric_bike,2024-12-12 18:32:41.099,2024-12-12 18:37:41.384,,,W 36 St & 7 Ave,6483.06,40.75,-73.98,40.752149,-73.989539,member
329494,D124E9F38ACBA9D0,electric_bike,2024-12-12 14:14:02.808,2024-12-12 14:15:34.975,,,E 53 St & 3 Ave,,40.76,-73.97,40.76,-73.97,casual
329501,142EC4CF01EBE701,electric_bike,2024-12-12 14:47:25.154,2024-12-12 14:49:40.556,,,W 35 St & 8 Ave,,40.75,-73.99,40.75,-73.99,casual
329943,C44F5495FEB6E531,electric_bike,2024-12-09 15:30:56.317,2024-12-09 15:48:59.842,,,Brevoort Pl & Bedford Ave,4181.10,40.68,-74.01,40.68012,-73.95362,member
330640,AFF6BB25F87FAD0C,electric_bike,2024-12-03 17:01:38.207,2024-12-03 17:14:12.190,,,E 53 St & Madison Ave,6659.03,40.76,-74.0,40.7597108,-73.97402311,member
334700,7F834593FD3CDC49,electric_bike,2024-12-13 00:43:26.181,2024-12-13 00:52:28.528,,,MacDougal St & Washington Sq,5797.01,40.74,-74.01,40.73226398,-73.99852205,casual
341961,5C823E313D027938,electric_bike,2024-12-12 15:22:53.581,2024-12-12 15:25:03.358,,,Grand St & Elizabeth St,,40.72,-74.0,40.72,-74.0,casual
342030,77FC9CEF5D6E96FB,electric_bike,2024-12-09 15:25:20.911,2024-12-09 15:28:36.941,,,W 24 St & 7 Ave,6257.03,40.75,-74.0,40.74487634,-73.99529885,member
342522,A1507BE484E6357C,electric_bike,2024-12-12 13:57:58.278,2024-12-12 14:00:49.841,,,E 13 St & Ave A,,40.73,-73.98,40.73,-73.98,member
342524,70A2B6153C366195,electric_bike,2024-12-04 17:03:41.353,2024-12-04 17:15:06.755,,,W 24 St & 7 Ave,6257.03,40.76,-74.0,40.74487634,-73.99529885,member
342862,9170E27901F7D20F,electric_bike,2024-12-03 05:50:24.696,2024-12-03 05:56:09.615,,,E 48 St & 5 Ave,6626.01,40.76,-73.99,40.75724567911726,-73.97805914282799,member
356602,8272E475D2DD4DFA,electric_bike,2024-12-08 20:53:00.528,2024-12-08 21:12:35.425,,,W 20 St & 5 Ave,6098.02,40.76,-73.99,40.73972989238724,-73.99103969335556,casual
356603,26022BF59C42456D,electric_bike,2024-12-12 17:06:37.272,2024-12-12 17:19:09.497,,,E 44 St & Lexington Ave,6464.09,40.77,-73.95,40.752643,-73.974996,member
356645,09319A46C5ACB296,electric_bike,2024-12-12 17:07:44.298,2024-12-12 17:18:43.459,,,W 13 St & 7 Ave,6030.04,40.76,-73.98,40.73781509,-73.99994661,member
356647,11E40DA713942143,electric_bike,2024-12-05 17:23:28.538,2024-12-05 17:25:30.364,,,E 15 St & 3 Ave,5863.07,40.73,-73.99,40.734232,-73.986923,member
356659,42BBC2FEB2F7B74C,electric_bike,2024-12-08 14:20:12.462,2024-12-08 14:21:48.630,,,Grand Concourse & E 171 St,8194.06,40.84,-73.91,40.839549,-73.913004,member
356800,5CAD033DB89B2E23,electric_bike,2024-12-10 07:15:01.231,2024-12-10 07:21:14.928,,,E 5 St & Cooper Sq,5712.12,40.72,-73.98,40.72769,-73.990993,member
360618,E7FD68E34C3F1672,electric_bike,2024-12-04 17:56:41.582,2024-12-04 18:04:46.088,,,E 15 St & 3 Ave,5863.07,40.74,-73.98,40.734232,-73.986923,member
367918,40685B55EC1C417D,electric_bike,2024-12-01 17:31:41.154,2024-12-01 17:41:45.237,,,E 60 St & York Ave,6682.08,40.74,-73.98,40.759107,-73.959223,member
368895,4BB67D43D107DF39,electric_bike,2024-12-11 13:42:58.918,2024-12-11 13:53:12.010,,,Jay St & Tech Pl,4710.06,40.72,-73.99,40.695065,-73.987167,member
370465,C2D5CE861E47693F,electric_bike,2024-12-11 07:32:21.951,2024-12-11 07:35:19.209,,,Morton St & Greenwich St,5772.05,40.74,-74.01,40.73115,-74.00887,casual
371620,30F6EEFD7BDA6AD3,electric_bike,2024-12-05 12:25:06.276,2024-12-05 12:33:39.415,,,Catherine St & Monroe St,5128.04,40.73,-73.99,40.71117444,-73.99682619,member
381726,2C103D438FCBEEDE,electric_bike,2024-12-11 00:11:03.509,2024-12-11 00:18:21.463,,,E 43 St & 2 Ave,6422.08,40.76,-73.98,40.75022392,-73.97121414,casual
382182,A356984EDFEA4B17,electric_bike,2024-12-05 11:21:50.081,2024-12-05 11:32:07.303,,,E 47 St & Park Ave,6584.12,40.75,-73.98,40.75510267,-73.97498696,casual
383703,F0A5A844002A6E9A,electric_bike,2024-12-05 16:56:38.937,2024-12-05 17:24:04.998,,,92 St & Astoria Blvd,6810.01,40.75,-73.93,40.76313,-73.8772,casual
394519,1212B51219B236F6,electric_bike,2024-12-14 13:44:01.095,2024-12-14 14:00:58.645,,,36 Ave & 31 St,6572.08,40.78,-73.91,40.75651272984955,-73.92957486212252,casual
396557,E95AA84B2B68501F,electric_bike,2024-12-14 14:40:09.051,2024-12-14 14:57:13.845,,,24 St & 5 Ave,3555.04,40.68,-73.96,40.659555,-73.995068,casual
396576,95362D7EA90ECEE0,electric_bike,2024-12-14 16:03:22.421,2024-12-14 16:06:03.098,,,Concord St & Bridge St,4781.03,40.7,-73.99,40.69766564,-73.98476437,member
400077,D0D399C2E11069A2,electric_bike,2024-12-10 10:46:15.797,2024-12-10 10:54:52.720,,,10 Ave & W 14 St,6157.04,40.72,-74.0,40.741981599940225,-74.00831580162048,member
400078,6A932981842DEB15,electric_bike,2024-12-10 09:31:49.600,2024-12-10 09:36:46.832,,,LaGuardia Pl & W 3 St,5721.14,40.72,-74.0,40.72917025,-73.99810231,member
400087,615C4FE38B74CC7A,electric_bike,2024-12-08 10:33:08.125,2024-12-08 10:43:20.934,,,10 Ave & W 14 St,6157.04,40.72,-74.02,40.741981599940225,-74.00831580162048,casual
402127,F92D2B790537162A,electric_bike,2024-12-10 15:34:54.077,2024-12-10 15:41:10.480,,,Broadway & W 38 St,6560.15,40.77,-73.98,40.7529728216068,-73.98734897375107,member
402142,956D091D66305EA7,electric_bike,2024-12-12 16:43:58.762,2024-12-12 16:49:37.986,,,Clinton St & Grand St,5303.06,40.7,-73.99,40.71559509,-73.9870295,member
413910,69F6D66F766332B1,electric_bike,2024-12-02 10:36:30.012,2024-12-02 10:43:24.576,,,,,40.76,-74.0,40.76,-74.0,member
413924,59AD2865E4963A23,electric_bike,2024-12-03 17:40:06.916,2024-12-03 17:43:39.603,,,,,40.75,-74.0,40.75,-74.0,member
413928,74F9306B5B1EF523,electric_bike,2024-12-04 16:04:27.901,2024-12-04 16:09:14.882,,,,,40.75,-73.95,40.75,-73.95,member
413929,9EB505C023DEC0CD,electric_bike,2024-12-12 18:18:59.407,2024-12-12 18:47:39.103,,,,,40.68,-73.96,40.67,-73.94,member
413931,CC2EC8EFFA074D6B,electric_bike,2024-12-02 13:10:48.873,2024-12-02 13:16:10.693,,,,,40.76,-74.0,40.76,-74.0,member
414107,9A25685708776024,electric_bike,2024-12-02 14:13:07.989,2024-12-02 14:39:30.005,,,,,40.76,-74.0,40.76,-74.0,casual
414109,A8995F6DFE17D6E4,electric_bike,2024-12-10 10:23:18.220,2024-12-10 11:19:31.272,,,,,40.76,-74.0,40.76,-74.0,member
414111,D44125B3C4940E41,electric_bike,2024-12-03 19:19:41.865,2024-12-03 19:24:46.212,,,,,40.75,-74.0,40.75,-74.0,member
414112,48FC1B86B8D4A63B,electric_bike,2024-12-02 07:31:45.627,2024-12-02 07:34:32.954,,,,,40.76,-74.0,40.76,-74.0,member
414119,44C84E3AD97ECE88,electric_bike,2024-12-12 19:38:53.492,2024-12-12 19:45:00.207,,,,,40.73,-73.98,40.73,-73.98,member
414120,3710C717290FA3A6,electric_bike,2024-12-11 12:27:17.502,2024-12-11 15:04:34.862,,,,,40.72,-74.01,40.73,-74.01,member
414123,D17721134F4C5084,electric_bike,2024-12-07 01:50:04.303,2024-12-07 02:50:44.551,,,,,40.72,-74.0,40.72,-74.0,member
414127,0FCE3FBDC2D23559,electric_bike,2024-12-12 12:50:43.722,2024-12-12 13:58:24.436,,,,,40.72,-74.0,40.72,-74.0,member
414128,D9F1C13A04B80C08,electric_bike,2024-12-03 13:11:37.717,2024-12-03 13:31:46.080,,,,,40.76,-74.0,40.76,-74.0,member
414239,2998409763E0037E,electric_bike,2024-12-05 18:15:55.761,2024-12-05 18:21:59.855,,,,,40.72,-74.0,40.72,-74.0,member
414240,6094C1D5D2358D87,electric_bike,2024-12-01 01:32:52.477,2024-12-01 01:37:57.016,,,,,40.76,-74.0,40.76,-74.0,member
414252,0C629C3AD75BAC99,electric_bike,2024-12-10 09:56:38.353,2024-12-10 10:01:36.275,,,,,40.76,-74.0,40.76,-74.0,member
414254,CCE23A814BEAC7F9,electric_bike,2024-12-06 18:13:38.381,2024-12-06 19:13:45.094,,,,,40.72,-74.0,40.72,-74.0,member
414260,869400F43B82E8C5,electric_bike,2024-12-04 06:45:00.953,2024-12-04 06:53:38.046,,,,,40.75,-74.0,40.75,-74.0,member
414264,52DDFAE257906540,electric_bike,2024-12-07 17:50:40.555,2024-12-07 17:57:13.104,,,,,40.72,-74.0,40.72,-74.0,member
414265,C65D0B80130B341C,electric_bike,2024-12-03 04:31:26.594,2024-12-03 04:35:06.650,,,,,40.74,-73.98,40.74,-73.98,member
414267,E1EA0FF400D8A48F,electric_bike,2024-12-12 16:10:36.232,2024-12-12 16:12:09.830,,,,,40.72,-73.98,40.72,-73.98,member
414659,8AFB4C8FF5ADABC1,electric_bike,2024-12-04 08:32:00.528,2024-12-04 10:28:54.076,,,,,40.76,-74.0,40.76,-73.98,member
414661,B2DFD33F4F984FAC,electric_bike,2024-12-03 03:22:44.511,2024-12-03 03:26:50.206,,,,,40.75,-74.0,40.75,-74.0,member
414663,C9C2C80EAC15B190,electric_bike,2024-12-02 18:47:59.623,2024-12-02 18:53:02.327,,,,,40.74,-73.98,40.74,-73.98,member
414665,06588B7A11D7A62E,electric_bike,2024-12-02 07:51:02.559,2024-12-02 08:11:05.425,,,,,40.76,-74.0,40.76,-74.0,member
414668,9FE78B7F796F750F,electric_bike,2024-12-08 08:54:35.333,2024-12-08 09:01:18.438,,,,,40.74,-73.98,40.74,-73.98,casual
414672,90BAA44C5AA0C887,electric_bike,2024-12-11 23:22:19.100,2024-12-11 23:54:15.704,,,,,40.72,-74.0,40.72,-74.0,member
414674,203704EEB702AC32,electric_bike,2024-12-07 15:07:50.415,2024-12-07 15:15:24.528,,,,,40.72,-74.0,40.72,-74.0,member
414675,88037DF4CCAE08EA,electric_bike,2024-12-03 08:19:12.457,2024-12-03 08:25:33.596,,,,,40.69,-73.93,40.69,-73.93,member
414710,3ED11EBA0C02845B,electric_bike,2024-12-13 07:56:12.797,2024-12-13 08:01:54.598,,,,,40.73,-73.98,40.73,-73.98,member
415481,7DC250D296CF19DC,electric_bike,2024-12-06 22:48:54.318,2024-12-06 22:53:14.854,,,,,40.75,-73.99,40.75,-73.99,member
415487,025245625B34E303,electric_bike,2024-12-03 19:12:48.264,2024-12-03 19:17:06.873,,,,,40.75,-74.0,40.75,-74.0,member
415488,C0FED0B9660FE2C6,electric_bike,2024-12-06 13:27:43.897,2024-12-06 13:36:27.705,,,,,40.71,-74.01,40.71,-74.01,member
415490,C3B2A192BC090E27,electric_bike,2024-12-13 18:34:27.521,2024-12-13 18:36:25.803,,,,,40.77,-73.98,40.77,-73.98,member
415495,11660E61B37718D8,electric_bike,2024-12-10 18:02:08.799,2024-12-10 18:15:01.050,,,,,40.75,-74.0,40.75,-74.0,member
415496,DD99CAE27B5263E2,electric_bike,2024-12-02 07:55:26.764,2024-12-02 07:58:21.413,,,,,40.73,-74.0,40.73,-74.0,member
415501,7D4F6D94A715C3DA,electric_bike,2024-12-06 22:22:55.560,2024-12-06 22:30:46.230,,,,,40.72,-74.0,40.72,-74.0,member
415503,0DFBEEB021298B8C,electric_bike,2024-12-03 23:30:57.734,2024-12-03 23:35:55.346,,,,,40.75,-74.0,40.75,-74.0,member
415769,41808D097D513FCA,electric_bike,2024-12-05 17:22:40.526,2024-12-05 17:32:14.372,,,E 74 St & 1 Ave,6953.08,40.75,-73.98,40.7689738,-73.95482273,member
415778,9FDAE854E773B8F4,electric_bike,2024-12-08 01:41:20.320,2024-12-08 01:48:22.655,,,,,40.67,-73.96,40.67,-73.96,member
415779,7632AA5DC82C2CFA,electric_bike,2024-12-02 19:02:39.338,2024-12-02 19:08:58.908,,,,,40.72,-74.0,40.72,-74.0,member
415783,B97D14DC25F1D0F6,electric_bike,2024-12-12 13:57:15.450,2024-12-12 14:30:35.011,,,,,40.75,-73.98,40.75,-73.98,member
415785,F4C9E015D9294934,electric_bike,2024-12-03 08:59:45.569,2024-12-03 09:03:25.249,,,,,40.73,-73.98,40.73,-73.98,member
417745,4099B75E261C1FDA,electric_bike,2024-12-04 21:58:44.513,2024-12-04 22:02:31.166,,,,,40.75,-74.0,40.75,-74.0,member
417748,8188C388DA9BC0F0,electric_bike,2024-12-14 16:01:29.745,2024-12-14 16:11:37.729,,,,,40.75,-73.97,40.75,-73.97,member
417749,70C1F9C3B6903A65,electric_bike,2024-12-12 16:04:21.498,2024-12-12 16:05:26.201,,,,,40.75,-74.0,40.75,-74.0,member
417753,1D4ED509A4DA7FC4,electric_bike,2024-12-12 14:42:37.772,2024-12-12 15:45:20.255,,,,,40.73,-73.99,40.73,-73.99,member
417754,BB6DD6D328F3AFB7,electric_bike,2024-12-08 01:37:07.865,2024-12-08 01:41:32.161,,,,,40.72,-74.0,40.72,-74.0,member
417755,30FCB3E9AB3C2C25,electric_bike,2024-12-03 09:22:16.112,2024-12-03 09:26:36.895,,,,,40.76,-74.0,40.76,-74.0,member
417758,1AF4F7C4F6910917,electric_bike,2024-12-02 20:12:08.932,2024-12-02 20:22:58.256,,,,,40.74,-73.98,40.74,-73.98,member
417761,124645B5BDD9B4D2,electric_bike,2024-12-11 08:27:55.240,2024-12-11 09:28:28.654,,,,,40.76,-74.0,40.76,-74.0,member
417762,F3C2BFC6A18FF677,electric_bike,2024-12-12 17:43:17.980,2024-12-12 18:02:13.285,,,,,40.72,-74.0,40.72,-73.99,member
417763,C9404BDEB4BA2F58,electric_bike,2024-12-08 12:43:26.155,2024-12-08 12:50:44.218,,,,,40.75,-74.0,40.75,-74.0,member
417772,4E21F0C29C6076F7,electric_bike,2024-12-04 00:50:24.823,2024-12-04 01:02:12.296,,,,,40.75,-74.0,40.75,-74.0,member
417778,2495FED9CC7704A5,electric_bike,2024-12-10 11:35:08.298,2024-12-10 12:35:18.313,,,,,40.76,-74.0,40.76,-74.0,member
417780,58C0FA895CA1334C,electric_bike,2024-12-02 18:48:35.313,2024-12-02 18:54:48.647,,,,,40.72,-74.0,40.72,-74.0,member
417781,3FEC55EFB9173975,electric_bike,2024-12-11 11:38:05.123,2024-12-11 11:43:46.970,,,,,40.76,-74.0,40.76,-74.0,member
417789,D4272FA9C299EB4A,electric_bike,2024-12-07 18:17:25.233,2024-12-07 18:22:06.591,,,,,40.72,-74.0,40.72,-74.0,casual
417792,9781611B9B93FBC3,electric_bike,2024-12-01 17:55:08.496,2024-12-01 18:00:26.592,,,,,40.76,-74.0,40.76,-74.0,casual
417802,8FA4B10775AFA2FC,electric_bike,2024-12-02 17:18:42.858,2024-12-02 18:19:42.812,,,,,40.72,-74.0,40.72,-74.0,member
417804,6C253C6F8536CEB2,electric_bike,2024-12-02 20:30:05.735,2024-12-02 20:38:57.386,,,,,40.74,-73.98,40.74,-73.98,member
417811,2E820D3DA3868324,electric_bike,2024-12-04 07:37:51.037,2024-12-04 07:43:58.562,,,,,40.75,-74.0,40.75,-74.0,member
417812,C61149A86967A020,electric_bike,2024-12-12 15:21:47.489,2024-12-12 17:22:34.590,,,,,40.73,-73.99,40.73,-73.99,member
417817,9ED4B64BC61F30D9,electric_bike,2024-12-05 23:40:00.025,2024-12-06 00:38:35.590,,,,,40.71,-74.01,40.71,-74.01,member
417819,71316C4E2E16AB06,electric_bike,2024-12-12 08:30:25.255,2024-12-12 08:36:10.323,,,,,40.76,-74.0,40.76,-74.0,member
417834,BAE323A3F8C4B497,electric_bike,2024-12-03 22:06:21.892,2024-12-03 22:10:00.228,,,,,40.75,-74.0,40.75,-74.0,member
417842,61A401C9223BFC21,electric_bike,2024-12-11 09:29:20.477,2024-12-11 09:31:53.418,,,,,40.76,-74.0,40.76,-74.0,member
417846,778306CA430ADE48,electric_bike,2024-12-12 14:36:06.343,2024-12-12 15:16:57.174,,,,,40.71,-73.99,40.71,-73.99,member
417856,3D63655475132398,electric_bike,2024-12-02 08:49:52.005,2024-12-02 09:01:20.191,,,,,40.76,-74.0,40.76,-74.0,member
417864,D13DD40782413036,electric_bike,2024-12-10 23:44:08.540,2024-12-11 00:38:44.239,,,,,40.72,-74.0,40.73,-74.0,casual
417866,7C86F229E5CDD6B8,electric_bike,2024-12-08 10:05:53.621,2024-12-08 10:11:14.210,,,,,40.75,-74.0,40.75,-74.0,casual
417867,F3ACBD7D2A445F0F,electric_bike,2024-12-09 18:11:53.480,2024-12-09 18:19:01.775,,,,,40.74,-73.99,40.74,-73.99,member
417873,9717112BFE6CD6EA,electric_bike,2024-12-12 15:12:32.146,2024-12-12 16:21:28.049,,,,,40.77,-73.97,40.76,-73.97,member
417874,3FDDEC47AD9C353F,electric_bike,2024-12-12 13:03:27.067,2024-12-12 14:07:57.314,,,,,40.76,-73.97,40.77,-73.97,member
417875,CBBDDE263A21F840,electric_bike,2024-12-06 13:39:02.623,2024-12-06 13:45:02.266,,,,,40.75,-74.0,40.75,-74.0,member
417879,23B7156C13EA97F7,electric_bike,2024-12-09 16:08:38.849,2024-12-09 17:06:58.885,,,,,40.75,-73.99,40.75,-73.99,member
417889,4459F00E20BDDD5F,electric_bike,2024-12-14 02:19:04.942,2024-12-14 02:26:47.641,,,,,40.72,-73.96,40.72,-73.96,member
417893,C311E77F2B8BF790,electric_bike,2024-12-02 09:11:29.084,2024-12-02 09:20:37.517,,,,,40.76,-74.0,40.76,-74.0,member
417900,C8244D8C7E521022,electric_bike,2024-12-04 23:02:57.995,2024-12-04 23:10:40.112,,,,,40.75,-74.0,40.75,-74.0,member
417901,8EE502A7C1484920,electric_bike,2024-12-05 08:51:33.334,2024-12-05 09:00:52.551,,,,,40.73,-73.99,40.73,-74.0,member
417903,883DE3DDF5AD6F53,electric_bike,2024-12-08 11:25:29.314,2024-12-08 11:32:19.181,,,,,40.75,-73.94,40.75,-73.94,member
417904,40F1A76285592A73,electric_bike,2024-12-07 20:22:25.726,2024-12-07 21:24:15.730,,,,,40.72,-74.0,40.72,-74.0,member
417905,54CC6904CF263038,electric_bike,2024-12-08 09:02:55.843,2024-12-08 09:05:57.609,,,,,40.75,-74.0,40.75,-74.0,member
417915,3E95B068FC371231,electric_bike,2024-12-12 14:46:34.189,2024-12-12 15:03:15.869,,,,,40.74,-73.98,40.74,-73.98,member
417916,1FA96D60D7C40A26,electric_bike,2024-12-02 11:25:30.554,2024-12-02 11:31:01.677,,,,,40.76,-74.0,40.76,-74.0,member
417920,A00CCD4DBE7B1AE1,electric_bike,2024-12-07 13:51:11.836,2024-12-07 13:57:50.330,,,St Nicholas Ave & W 126 St,7756.1,40.81,-73.94,40.8114323,-73.9518776,member
417921,1C820560D64DE830,electric_bike,2024-12-03 08:28:44.733,2024-12-03 08:33:48.227,,,,,40.76,-74.0,40.76,-74.0,member
418352,3B8F0A4A769C4007,electric_bike,2024-12-10 15:52:53.843,2024-12-10 16:19:38.228,,,,,40.76,-74.0,40.76,-74.0,casual
418354,6B421362C1DCDBD8,electric_bike,2024-12-14 14:40:46.846,2024-12-14 14:44:21.892,,,,,40.77,-73.98,40.77,-73.98,casual
418361,E09C066477F6FB32,electric_bike,2024-12-11 20:33:28.143,2024-12-11 21:28:52.748,,,,,40.72,-74.0,40.72,-74.0,member
418363,8C880910FA216498,electric_bike,2024-12-08 16:59:19.830,2024-12-08 17:03:07.210,,,,,40.73,-74.0,40.73,-74.0,member
418370,27001A673E582D5F,electric_bike,2024-11-30 23:53:00.508,2024-12-01 00:00:35.843,,,,,40.76,-74.0,40.76,-74.0,member
418387,46EA035ABF0C8C48,electric_bike,2024-12-08 01:03:04.780,2024-12-08 02:05:02.287,,,,,40.74,-73.98,40.74,-73.98,casual
418422,6B2BC86A9C9F552D,electric_bike,2024-12-01 10:33:25.407,2024-12-01 10:39:21.091,,,,,40.76,-74.0,40.76,-74.0,member
418425,79A3742530D682C6,electric_bike,2024-12-04 20:30:36.833,2024-12-04 20:37:30.440,,,,,40.75,-74.0,40.75,-74.0,member
418426,22D89253852A41DF,electric_bike,2024-12-03 14:25:10.698,2024-12-03 15:23:40.846,,,,,40.72,-74.0,40.72,-74.0,member
418427,8D4AD868CF88A438,electric_bike,2024-12-12 22:47:53.088,2024-12-12 22:54:22.679,,,,,40.73,-73.98,40.73,-73.98,member
418429,1B280DFDB1D3CB9B,electric_bike,2024-12-03 10:56:34.429,2024-12-03 11:00:44.804,,,,,40.72,-74.0,40.72,-74.0,member
418431,609279E63C7ABCFF,electric_bike,2024-12-04 07:06:09.988,2024-12-04 07:14:29.653,,,,,40.75,-74.0,40.75,-74.0,member
418432,98ADB3A52AA8E597,electric_bike,2024-12-03 17:51:22.453,2024-12-03 19:11:02.294,,,,,40.75,-74.0,40.75,-74.0,member
418433,0926AE12B73D5207,electric_bike,2024-12-12 00:07:13.894,2024-12-12 00:18:08.731,,,,,40.72,-74.0,40.72,-74.0,member
418461,318BF37438A6D241,electric_bike,2024-12-08 13:01:19.749,2024-12-08 13:53:59.793,,,,,40.73,-74.0,40.74,-74.0,casual
418467,5BFFE1BCF14FF4D9,electric_bike,2024-12-10 14:12:55.157,2024-12-10 14:18:35.742,,,,,40.76,-74.0,40.76,-74.0,member
418468,071EA7FA383E537C,electric_bike,2024-12-06 16:59:50.421,2024-12-06 18:01:00.818,,,,,40.72,-74.0,40.73,-74.0,member
418469,2CC8BCCD3AC1354F,electric_bike,2024-12-03 21:24:23.118,2024-12-03 21:28:44.288,,,,,40.75,-74.0,40.75,-74.0,member
419367,4D7E5F802B368D38,electric_bike,2024-12-06 15:53:49.343,2024-12-06 16:01:03.129,,,,,40.75,-74.0,40.75,-74.0,casual
419369,91FC4441F1D3367D,electric_bike,2024-12-03 19:51:07.858,2024-12-03 20:51:17.917,,,,,40.75,-74.0,40.75,-74.0,casual
419370,16C9BCB4A31A8709,electric_bike,2024-12-04 20:47:28.895,2024-12-04 20:56:06.515,,,,,40.75,-74.0,40.75,-74.0,member
419371,BC637559253754C9,electric_bike,2024-12-02 12:23:02.909,2024-12-02 12:28:39.646,,,,,40.76,-74.0,40.76,-74.0,casual
419372,0889432064BB84B5,electric_bike,2024-12-05 14:06:10.133,2024-12-05 14:15:00.937,,,,,40.72,-74.0,40.72,-74.0,member
419373,A4D9D35D5127A43B,electric_bike,2024-12-10 13:47:33.872,2024-12-10 13:54:13.087,,,,,40.76,-74.0,40.76,-74.0,member
419378,EB828D16EFE95F13,electric_bike,2024-12-02 06:50:59.302,2024-12-02 07:05:03.033,,,,,40.76,-74.0,40.76,-74.0,member
419547,9BA930297C5171F1,electric_bike,2024-12-12 21:14:39.745,2024-12-12 21:19:02.452,,,,,40.74,-74.01,40.74,-74.01,member
419548,DE35D059A395A630,electric_bike,2024-12-03 08:12:28.267,2024-12-03 08:15:29.699,,,,,40.76,-74.0,40.76,-74.0,member
419551,8A90AFBE982A63BF,electric_bike,2024-12-06 07:28:59.909,2024-12-06 08:31:05.269,,,,,40.71,-74.01,40.71,-74.01,casual
419552,035F92B3DC161A2D,electric_bike,2024-12-06 21:19:19.658,2024-12-06 21:23:28.888,,,,,40.72,-74.0,40.72,-74.0,member
419557,B72808A8041D271E,electric_bike,2024-12-08 12:21:51.489,2024-12-08 12:34:35.528,,,,,40.74,-73.98,40.74,-73.98,member
419558,1665A9522FB17301,electric_bike,2024-12-01 13:49:59.548,2024-12-01 14:45:29.422,,,,,40.76,-74.0,40.76,-74.0,member
427363,C6C15D5703AD650B,electric_bike,2024-12-12 14:39:21.636,2024-12-12 15:08:53.556,,,Pioneer St & Van Brunt St,4169.04,40.64,-73.96,40.679043,-74.011169,member
429929,B8A9DE5B8A754DE0,electric_bike,2024-12-04 16:56:33.031,2024-12-04 17:04:17.401,,,W 22 St & 8 Ave,6224.03,40.73,-74.01,40.74475148,-73.99915362,casual
429936,6183BBE3F57496FF,electric_bike,2024-12-05 09:41:51.317,2024-12-05 09:49:03.828,,,43 St & Skillman Ave,6325.01,40.76,-73.92,40.74692675687384,-73.9208248257637,member
430819,9AF2E4217498E41E,electric_bike,2024-12-08 13:26:30.556,2024-12-08 13:29:42.422,,,9 Ave & W 33 St,6492.08,40.75,-74.0,40.752568,-73.996765,member
430888,34472156FF15F022,electric_bike,2024-12-05 00:21:11.674,2024-12-05 00:26:45.437,,,Pioneer St & Van Brunt St,4169.04,40.68,-74.0,40.679043,-74.011169,casual
431867,5DDC47D933156C00,electric_bike,2024-12-07 18:51:38.754,2024-12-07 18:57:10.870,,,W 21 St & 6 Ave,6140.05,40.74,-74.01,40.74173969,-73.99415556,member
431881,1BA7934BF48F83DD,electric_bike,2024-12-09 16:46:39.054,2024-12-09 17:15:19.398,,,9 Ave & W 33 St,6492.08,40.81,-73.97,40.752568,-73.996765,member
432517,17357509DC805CE4,electric_bike,2024-12-10 14:11:12.184,2024-12-10 14:14:18.053,,,Verona Pl & Fulton St,4214.04,40.68,-73.95,40.6803560840434,-73.9476791024208,member
435133,C94D6ACA63D8A36F,electric_bike,2024-12-12 16:48:18.104,2024-12-12 17:07:27.379,,,W 22 St & 8 Ave,6224.03,40.71,-73.98,40.74475148,-73.99915362,member
445828,BBE206004CEB725C,electric_bike,2024-12-10 14:13:45.131,2024-12-10 14:28:15.343,,,Dean St & Hoyt St,4446.05,40.69,-73.93,40.6864442,-73.98759104,member
448604,7D168C7A64739874,electric_bike,2024-12-09 06:21:25.391,2024-12-09 06:25:49.657,,,W 43 St & 6 Ave,6593.14,40.75,-73.99,40.75527307,-73.98316936,member
460424,36E16B4F1FEB3B20,electric_bike,2024-12-12 17:16:00.815,2024-12-12 17:24:25.999,,,Cleveland Pl & Spring St,5492.05,40.72,-74.02,40.722103786686034,-73.99724900722504,member
460433,E1231ABBA99E4869,electric_bike,2024-12-12 19:38:19.075,2024-12-12 19:43:47.469,,,Kenmare St & Elizabeth St,5453.06,40.72,-73.98,40.72054,-73.9949,member
464054,9BC32A3F1D5EAF69,electric_bike,2024-12-12 21:54:36.901,2024-12-12 22:02:58.365,,,Cleveland Pl & Spring St,5492.05,40.74,-74.01,40.722103786686034,-73.99724900722504,member
464056,35D1147F0E38C215,electric_bike,2024-12-02 15:12:24.625,2024-12-02 15:19:20.348,,,6 Ave & W 34 St,6364.10,40.75,-73.98,40.74964,-73.98805,casual
474497,2E5692A9EF180A8E,electric_bike,2024-12-10 15:19:54.498,2024-12-10 15:48:51.469,,,Thompson St & Bleecker St,5721.07,40.7,-73.99,40.72840059450829,-73.99968780577183,casual
481950,B0DDED6608DBD113,electric_bike,2024-12-12 16:47:09.450,2024-12-12 16:52:22.123,,,W 50 St & 10 Ave,6890.06,40.76,-73.99,40.764734200065185,-73.99194359779358,member
482411,6906E1EB2DD18A37,electric_bike,2024-12-12 16:42:29.666,2024-12-12 16:56:01.491,,,W 50 St & 10 Ave,6890.06,40.75,-73.99,40.764734200065185,-73.99194359779358,member
484904,07A8F11DB2E39557,electric_bike,2024-12-12 17:42:25.920,2024-12-12 17:45:52.147,,,E 27 St & Park Ave S,6131.13,40.74,-73.98,40.74275179648995,-73.9847157150507,member
487224,34D30B5DA82B048B,electric_bike,2024-12-12 17:19:48.897,2024-12-12 17:29:43.613,,,Orchard St & Grand St,5343.11,40.74,-73.98,40.717318403855785,-73.99067759513855,member
490646,63636F47FC6A5C0A,electric_bike,2024-12-13 06:00:37.599,2024-12-13 06:05:08.590,,,E 27 St & Park Ave S,6131.13,40.75,-73.98,40.74275179648995,-73.9847157150507,member
490692,1AA39D1CD2CAEC60,electric_bike,2024-12-08 22:38:00.955,2024-12-08 22:42:29.000,,,Greenwich Ave & 8 Ave,6072.06,40.73,-74.01,40.7390169121,-74.0026376103,member
497703,E33DA6160156EECF,electric_bike,2024-12-12 21:49:40.563,2024-12-12 21:58:08.980,,,S 5 Pl & S 5 St,5125.03,40.73,-73.98,40.710451,-73.960876,member
499376,9C72DE3A0A5AAE55,electric_bike,2024-12-11 02:40:48.302,2024-12-11 02:49:08.486,,,30 St & 48 Ave,6076.02,40.76,-73.96,40.7413272,-73.937999,member
500369,DA56B0A4E6579A0D,electric_bike,2024-12-13 15:19:33.221,2024-12-13 15:43:33.107,,,Division Ave & Hooper St,5045.05,40.68,-74.01,40.70684203101325,-73.9544353965357,member
502554,7EC589174F132451,electric_bike,2024-12-13 06:51:32.244,2024-12-13 06:55:47.248,,,Water St & Fletcher St,5024.10,40.71,-74.01,40.706410755236135,-74.00559738278389,member
502574,B2000868C54633A8,electric_bike,2024-12-07 16:42:19.034,2024-12-07 17:07:30.790,,,E 2 St & Ave B,5515.02,40.75,-73.99,40.72217444,-73.98368779,casual
502578,56728E037CE47A67,electric_bike,2024-12-11 09:04:40.343,2024-12-11 09:08:16.274,,,Howard St & Lafayette St,5422.04,40.73,-74.0,40.71910537,-73.99973337,member
502591,92518B1BFE25D41B,electric_bike,2024-12-03 13:53:04.526,2024-12-03 14:02:45.104,,,31 Ave & 84 St,6709.01,40.76,-73.91,40.75947,-73.88431,member
502597,9526AF65E95EC1D6,electric_bike,2024-12-10 20:22:54.314,2024-12-10 20:28:08.449,,,7 Ave S & Bleecker St,5805.07,40.74,-73.99,40.73213896287381,-74.00363802909851,member
502963,7C195357C32572EB,electric_bike,2024-12-08 16:06:09.147,2024-12-08 17:00:30.810,,,Howard St & Lafayette St,5422.04,40.72,-74.0,40.71910537,-73.99973337,casual
502967,090CBA5BBC888023,electric_bike,2024-12-12 18:26:55.240,2024-12-12 18:33:12.376,,,28 Ave & 35 St,6951.03,40.76,-73.93,40.7671,-73.9169858,member
502968,E432E7A8E500C1BF,electric_bike,2024-12-05 16:34:23.429,2024-12-05 16:51:46.705,,,Clinton Ave & Myrtle Ave,4651.02,40.68,-73.95,40.693261,-73.968896,member
502988,C4784B1481A57FF0,electric_bike,2024-12-07 02:18:34.918,2024-12-07 02:27:33.254,,,30 St & 48 Ave,6076.02,40.76,-73.96,40.7413272,-73.937999,member
503609,8A5A6D155EE2A5D0,electric_bike,2024-12-10 13:57:47.576,2024-12-10 14:12:42.175,,,Howard St & Lafayette St,5422.04,40.72,-74.02,40.71910537,-73.99973337,member
503616,A70FBBC39F78DDDA,electric_bike,2024-12-12 17:21:02.529,2024-12-12 17:34:32.715,,,7 Ave S & Bleecker St,5805.07,40.74,-73.98,40.73213896287381,-74.00363802909851,member
504861,2D1E161B266F1A88,electric_bike,2024-12-10 17:19:12.753,2024-12-10 17:39:26.746,,,Clinton Ave & Myrtle Ave,4651.02,40.73,-74.01,40.693261,-73.968896,member
504957,304FB8EB77F40492,electric_bike,2024-12-05 18:04:31.430,2024-12-05 18:49:06.389,,,Lexington Ave & E 127 St,7662.13,40.77,-73.97,40.805726,-73.936322,member
507717,6149EA4FDFDD338E,electric_bike,2024-12-12 16:58:41.573,2024-12-12 17:13:26.508,,,W 52 St & 11 Ave,6926.01,40.74,-74.01,40.76727216,-73.99392888,casual
513766,BAB765EC63AEAFFD,electric_bike,2024-12-12 08:00:02.537,2024-12-12 08:03:32.682,,,W 37 St & 10 Ave,6611.02,40.76,-74.0,40.75660359,-73.9979009,member
515083,47EB85ECDCFB6AF6,electric_bike,2024-12-12 23:39:07.752,2024-12-12 23:44:47.569,,,Sullivan St & Washington Sq,5721.01,40.74,-74.01,40.73047747,-73.99906065,member
515173,3635205B861B2B59,electric_bike,2024-12-14 11:33:29.612,2024-12-14 11:40:28.731,,,E 68 St & 3 Ave,6896.16,40.76,-73.97,40.76712840349542,-73.96224617958069,member
515175,97573FD76757031C,electric_bike,2024-12-08 19:07:03.303,2024-12-08 19:25:18.576,,,Melrose St & Broadway,4801.04,40.72,-74.0,40.697481,-73.935877,member
516321,D97D61E5C03D1E1F,electric_bike,2024-12-02 23:22:35.472,2024-12-02 23:27:51.529,,,W 37 St & 10 Ave,6611.02,40.75,-73.99,40.75660359,-73.9979009,member
528879,08B179B1DFBFCD1B,electric_bike,2024-12-08 15:03:46.178,2024-12-08 15:39:44.540,,,Cortelyou Rd & E 19 St,3022.01,40.71,-73.93,40.64269,-73.96099,casual
532849,FF42813B0FF69A43,electric_bike,2024-12-10 14:13:44.678,2024-12-10 14:19:18.308,,,Vernon Blvd & 50 Ave,6170.02,40.74,-73.94,40.74232744,-73.95411749,member
532868,3682D598E68994BF,electric_bike,2024-12-05 15:05:28.054,2024-12-05 15:13:27.539,,,E 155 St & Courtlandt Ave,7940.02,40.84,-73.91,40.82057,-73.917579,member
543480,AA54050F03ADA545,electric_bike,2024-12-04 18:35:26.882,2024-12-04 18:54:58.791,,,Bergen St & Flatbush Ave,4281.08,40.7,-73.98,40.680944723477296,-73.97567331790923,member
543481,3AC413584142538E,electric_bike,2024-12-10 14:09:14.920,2024-12-10 14:20:26.383,,,Carlton Ave & Flushing Ave,4732.08,40.72,-73.99,40.697787,-73.973736,member
543714,E501614D7ED81144,electric_bike,2024-12-03 08:44:22.523,2024-12-03 08:50:33.552,,,Bergen St & Flatbush Ave,4281.08,40.67,-73.97,40.680944723477296,-73.97567331790923,member
543861,0C03AB14C9F97AF0,electric_bike,2024-12-12 20:14:27.725,2024-12-12 20:24:05.450,,,Greenwich St & Rector St,5073.07,40.71,-74.01,40.70806582380646,-74.0135595202446,casual
544606,6916FEA05DFA58EF,electric_bike,2024-12-08 16:04:33.491,2024-12-08 16:09:54.295,,,W 20 St & 7 Ave,6182.02,40.74,-74.0,40.74238787,-73.99726235,member
545603,53C479A20E9F0350,electric_bike,2024-12-12 23:50:13.585,2024-12-12 23:53:15.867,,,W 145 St & Amsterdam Ave,7997.08,40.82,-73.95,40.825244,-73.947257,member
545618,3B7D60174FE23663,electric_bike,2024-12-07 12:55:42.554,2024-12-07 13:00:42.041,,,Prospect Park SW & Vanderbilt St,3457.03,40.65,-73.97,40.65482,-73.973217,member
546368,C68830FF0C095F4C,electric_bike,2024-12-05 20:33:13.562,2024-12-05 20:47:04.394,,,St James Pl & Oliver St,5238.05,40.73,-74.0,40.71307916,-73.99851193,member
560542,9458065CF350E5EF,electric_bike,2024-12-01 15:40:23.981,2024-12-01 15:50:29.465,,,W 25 St & 9 Ave,6339.06,40.75,-73.98,40.747832605837715,-74.0005722643582,member
561292,70461CD9F45E783D,electric_bike,2024-12-06 07:28:44.181,2024-12-06 07:45:02.998,,,Washington Pl & Greene St,5755.15,40.76,-74.0,40.72980619180496,-73.99546380915461,member
561293,AE1B00643274C302,electric_bike,2024-12-13 14:38:19.732,2024-12-13 14:41:57.650,,,Madison Ave & E 51 St,6659.09,40.75,-73.98,40.75863,-73.97513,member
562520,AE1380873C7A7798,electric_bike,2024-12-06 17:21:12.515,2024-12-06 17:30:34.900,,,Graham Ave & Conselyea St,5291.05,40.72,-73.96,40.715143,-73.944507,casual
563356,512BA282C6B56777,electric_bike,2024-12-09 18:35:27.495,2024-12-09 18:51:50.899,,,E 75 St & 3 Ave,6991.12,40.79,-73.94,40.77112927,-73.95772297,member
566144,170BC958029CF759,electric_bike,2024-12-10 08:23:32.597,2024-12-10 08:29:39.049,,,Washington Pl & Greene St,5755.15,40.72,-74.0,40.72980619180496,-73.99546380915461,member
576695,D775E108A2B4F9AF,electric_bike,2024-12-13 15:32:14.741,2024-12-13 15:38:33.209,,,Driggs Ave & N Henry St,5542.04,40.72,-73.95,40.72325,-73.94308,member
576699,691FEA61434DBCD1,electric_bike,2024-12-10 14:51:38.744,2024-12-10 14:53:47.053,,,Grand St & Elizabeth St,5382.06,40.72,-74.0,40.718822,-73.99596,member
577029,B0E9FB2FB5F3A336,electric_bike,2024-12-05 05:13:33.962,2024-12-05 05:29:33.133,,,Driggs Ave & N Henry St,5542.04,40.7,-73.92,40.72325,-73.94308,member
577031,9A571E95DD393421,electric_bike,2024-12-12 12:31:49.544,2024-12-12 12:45:54.948,,,Grand St & Elizabeth St,5382.06,40.74,-73.99,40.718822,-73.99596,member
577824,5ECD1CC8D7668EE9,electric_bike,2024-12-02 00:25:14.450,2024-12-02 00:38:57.586,,,21 St & 36 Ave,6729.02,40.77,-73.98,40.7601853,-73.9362726,member
586505,E2781F0DF6BA5815,electric_bike,2024-12-05 14:56:50.994,2024-12-05 14:57:57.306,,,44 Dr & Jackson Ave,6352.01,40.75,-73.94,40.74718234,-73.9432635,member
586510,6A31F2BDFEF8C69F,electric_bike,2024-12-04 15:27:26.656,2024-12-04 15:30:07.940,,,Milton St & Franklin St,5752.07,40.74,-73.96,40.72906,-73.95779,member
587042,49AA6AAB0D3B4F2A,electric_bike,2024-12-10 15:54:14.449,2024-12-10 16:04:19.162,,,Newton Rd & 44 St,6743.06,40.75,-73.93,40.7595701,-73.9142678,member
588217,1C3728123E88D36D,electric_bike,2024-12-01 10:26:14.786,2024-12-01 10:28:56.506,,,72 St & 31 Ave,6686.07,40.75,-73.89,40.7584,-73.89531,casual
588223,B8BFB9467BB31808,electric_bike,2024-12-03 23:11:54.634,2024-12-03 23:26:31.148,,,E 13 St & Ave A,5779.09,40.76,-73.99,40.72966729392978,-73.98067966103554,member
589016,F958EF045775EBCC,electric_bike,2024-12-08 22:28:47.171,2024-12-09 00:00:17.980,,,1 Ave & E 68 St,6822.09,40.76,-73.98,40.76500525,-73.95818491,casual
594240,4FF27C9808D21770,electric_bike,2024-12-09 09:35:16.383,2024-12-09 09:37:54.252,,,Degraw St & Hoyt St,4258.07,40.69,-73.98,40.681990442707026,-73.99079024791718,casual
594320,3A981E6201C65DD5,electric_bike,2024-12-10 09:22:17.985,2024-12-10 09:31:27.895,,,Pier 61 at Chelsea Piers,6233.04,40.72,-74.0,40.746872,-74.00821,member
596830,56E2003642FFB8D6,electric_bike,2024-12-08 20:28:26.432,2024-12-08 20:35:09.005,,,1 Ave & E 68 St,6822.09,40.78,-73.95,40.76500525,-73.95818491,member
615146,0FF48FFAA39CB2FB,electric_bike,2024-12-12 17:29:40.148,2024-12-12 17:35:21.120,,,DeKalb Ave & Vanderbilt Ave,4461.04,40.68,-73.96,40.68940747,-73.96885458,member
615150,7940D824126306D3,electric_bike,2024-12-09 21:56:31.660,2024-12-09 22:02:57.399,,,DeKalb Ave & Vanderbilt Ave,4461.04,40.69,-73.98,40.68940747,-73.96885458,casual
615155,94D9F8140C58009C,electric_bike,2024-12-12 16:46:10.022,2024-12-12 16:54:07.304,,,E 7 St & Ave A,5626.07,40.74,-73.99,40.72621788,-73.98379855,member
615170,37BA0C832F88AD40,electric_bike,2024-12-12 16:48:04.969,2024-12-12 16:56:53.872,,,Bergen St & Vanderbilt Ave,4157.10,40.67,-73.95,40.6794388,-73.9680438,member
615207,71AE7767CFB4991A,electric_bike,2024-12-13 14:55:17.191,2024-12-13 15:09:31.876,,,Harrison Pl & Porter Ave,5090.06,40.72,-73.95,40.70686,-73.92851,member
615213,1019FFA7A55C916C,electric_bike,2024-12-07 18:24:54.902,2024-12-07 18:30:28.953,,,Driggs Ave & S 2 St,5235.10,40.72,-73.95,40.712628,-73.960575,casual
618664,C37166A777923491,electric_bike,2024-12-12 16:43:15.725,2024-12-12 16:44:33.235,,,E 7 St & Ave A,5626.07,40.73,-73.98,40.72621788,-73.98379855,member
630767,85A38392DAF50099,electric_bike,2024-12-03 23:23:04.022,2024-12-03 23:26:39.698,,,N 15 St & Wythe Ave,5520.09,40.73,-73.96,40.724055,-73.955736,member
632200,D87240EEED1F82A5,electric_bike,2024-12-04 09:50:31.144,2024-12-04 10:18:15.022,,,Columbus Ave & W 72 St,7175.05,40.72,-73.92,40.7770575,-73.97898475,member
632205,714C9A1D934BF025,electric_bike,2024-12-03 09:59:03.111,2024-12-03 10:27:08.825,,,Columbus Ave & W 72 St,7175.05,40.72,-73.92,40.7770575,-73.97898475,member
632227,E2D8F37B93856C81,electric_bike,2024-12-03 20:07:48.045,2024-12-03 20:12:35.550,,,Columbus Ave & W 72 St,7175.05,40.77,-73.98,40.7770575,-73.97898475,member
633009,98A59CC3BBFB97D4,electric_bike,2024-12-01 09:32:08.598,2024-12-01 09:57:58.334,,,Columbus Ave & W 72 St,7175.05,40.72,-73.92,40.7770575,-73.97898475,member
633010,F5FDE9D7F546F4B4,electric_bike,2024-12-02 09:29:32.209,2024-12-02 09:56:41.891,,,Columbus Ave & W 72 St,7175.05,40.72,-73.92,40.7770575,-73.97898475,member
633011,55A39A31B3501006,electric_bike,2024-12-13 15:53:03.802,2024-12-13 15:56:57.660,,,Withers St & Kingsland Ave,5362.08,40.72,-73.95,40.71773,-73.94051,member
633514,9E5DE325EB7D2F3E,electric_bike,2024-12-12 19:20:17.567,2024-12-12 19:28:23.656,,,DeKalb Ave & Franklin Ave,4528.01,40.68,-73.96,40.69064807082943,-73.95746178925037,member
641836,5EFE091ADE6E858E,electric_bike,2024-12-09 18:35:54.568,2024-12-09 18:52:11.282,,,2 Ave & E 72 St,6925.09,40.79,-73.94,40.7687620293096,-73.95840793848038,member
644204,9C93FBAB45A05FF6,electric_bike,2024-12-06 23:11:13.765,2024-12-06 23:16:31.386,,,Broadway & W 58 St,6948.10,40.76,-73.97,40.76695317,-73.98169333,member
644825,A72D8FE394A0523B,electric_bike,2024-12-09 19:07:20.627,2024-12-09 19:10:46.353,,,Broadway & W 58 St,6948.10,40.76,-73.98,40.76695317,-73.98169333,member
647061,90404B44AC472278,electric_bike,2024-12-10 14:14:33.857,2024-12-10 14:19:21.803,,,Broadway & W 58 St,6948.10,40.78,-73.98,40.76695317,-73.98169333,member
647838,D9A158EC406743C2,electric_bike,2024-12-13 08:02:45.916,2024-12-13 08:05:39.199,,,E 77 St & 3 Ave,7092.06,40.77,-73.95,40.77314236,-73.95856158,member
650213,DBF950EF1F59AF55,electric_bike,2024-12-02 17:28:25.287,2024-12-02 17:33:58.644,,,9 Ave & W 45 St,6717.06,40.76,-73.98,40.76019252,-73.9912551,member
651460,5CDACC884BA9AEE5,electric_bike,2024-12-12 16:59:02.897,2024-12-12 17:12:13.482,,,Broadway & W 58 St,6948.10,40.77,-73.96,40.76695317,-73.98169333,member
652156,8FD0159D52410754,electric_bike,2024-12-06 23:20:50.920,2024-12-06 23:22:43.182,,,Broadway & W 58 St,6948.10,40.77,-73.98,40.76695317,-73.98169333,member
652166,55334595DE153E53,electric_bike,2024-12-12 17:00:45.435,2024-12-12 17:10:24.917,,,9 Ave & W 45 St,6717.06,40.78,-73.98,40.76019252,-73.9912551,member
669114,AC48DD8EC95A5099,electric_bike,2024-12-03 09:40:31.709,2024-12-03 13:05:16.755,,,FDR Drive & E 35 St,6230.04,40.74,-73.98,40.744219,-73.97121214,member
669238,AD61FA54B08E25AD,electric_bike,2024-12-01 11:32:59.294,2024-12-01 11:36:48.326,,,Franklin Ave & Quincy St,4410.02,40.68,-73.96,40.68636,-73.95678,member
669240,3F1A2B393894D0B3,electric_bike,2024-12-12 16:47:00.992,2024-12-12 16:51:57.209,,,Forsyth St & Grand St,5382.07,40.73,-73.99,40.71779817737835,-73.99316132068634,casual
669293,B68BDA2B1F4EC845,electric_bike,2024-12-08 15:28:45.369,2024-12-08 15:45:45.185,,,Perry St & Bleecker St,5922.07,40.75,-73.98,40.73535398,-74.00483091,casual
671186,EE811A786A4D994D,electric_bike,2024-12-12 17:02:13.519,2024-12-12 17:09:41.283,,,FDR Drive & E 35 St,6230.04,40.73,-73.98,40.744219,-73.97121214,casual
676419,6AB70451F7898F7A,electric_bike,2024-12-10 07:36:54.912,2024-12-10 07:56:53.536,,,W 27 St & 7 Ave,6257.06,40.71,-74.01,40.74665,-73.99392,casual
676420,AC5FA8B44F196911,electric_bike,2024-12-10 09:20:15.625,2024-12-10 09:54:09.566,,,W 27 St & 6 Ave,6215.07,40.72,-73.92,40.74526,-73.99062,member
676422,A1A6F64521B42B3F,electric_bike,2024-12-12 16:41:48.073,2024-12-12 16:52:55.424,,,E 40 St & 5 Ave,6474.11,40.76,-74.0,40.752062307,-73.9816324043,member
685255,94C69CC309850F7F,electric_bike,2024-12-11 07:56:33.837,2024-12-11 08:01:30.845,,,8 Ave & W 49 St,6747.07,40.76,-73.99,40.76171227910671,-73.98655101656914,member
686381,840D256DFB2C686A,electric_bike,2024-12-04 12:23:09.576,2024-12-04 12:36:23.393,,,1 Ave & E 44 St,6379.03,40.73,-73.99,40.75001986,-73.96905301,member
688003,0E8BD0D62234C3C6,electric_bike,2024-12-04 09:49:32.897,2024-12-04 09:54:44.002,,,Amsterdam Ave & W 73 St,7260.09,40.77,-73.99,40.77966809007312,-73.98093044757842,member
702619,117BA728E656AA26,electric_bike,2024-12-02 11:35:56.219,2024-12-02 11:44:16.017,,,Greenwich Ave & Charles St,5914.08,40.73,-73.99,40.735238,-74.000271,member
704782,595B45E36B77B145,electric_bike,2024-12-08 14:29:38.373,2024-12-08 14:43:02.132,,,Frederick Douglass Blvd & W 117 St,7688.12,40.78,-73.95,40.805159,-73.954692,member
705273,05B16865B766618D,electric_bike,2024-12-05 18:14:00.523,2024-12-05 18:29:49.820,,,E 43 St & Madison Ave,6551.11,40.76,-73.98,40.75354681867074,-73.97896572947502,casual
705355,544421C3553B6681,electric_bike,2024-12-02 15:14:56.982,2024-12-02 15:27:19.843,,,E 40 St & Park Ave,6432.11,40.72,-74.0,40.750756,-73.978326,member
720048,25E589FC5206AC70,electric_bike,2024-12-09 19:33:51.726,2024-12-09 19:43:02.918,,,E 16 St & 5 Ave,6022.04,40.75,-74.01,40.73726186,-73.99238967,member
720069,ADE99CE1DA00CB07,electric_bike,2024-12-12 17:46:18.007,2024-12-12 18:00:14.723,,,W 20 St & 11 Ave,6306.07,40.74,-73.98,40.746745,-74.007756,member
720651,3DAD64CDF791AA9A,electric_bike,2024-12-04 07:46:27.587,2024-12-04 07:56:57.098,,,W 89 St & Columbus Ave,7432.09,40.78,-73.95,40.7882213,-73.97041561,member
721248,70F3B1479EB4F700,electric_bike,2024-12-14 12:13:51.973,2024-12-14 12:29:09.991,,,W 89 St & Columbus Ave,7432.09,40.81,-73.96,40.7882213,-73.97041561,casual
721271,B226AF82588F8ACF,electric_bike,2024-12-13 18:12:45.232,2024-12-13 18:21:08.360,,,E 91 St & Park Ave,7344.05,40.78,-73.96,40.7835016,-73.955327,casual
725073,374DE0D5FEF46AEF,electric_bike,2024-12-09 21:42:09.419,2024-12-09 22:16:51.238,,,Centre St & Worth St,5279.03,40.7,-73.99,40.71494807,-74.00234482,casual
739430,E062124DC5AA711F,electric_bike,2024-12-07 14:27:32.535,2024-12-07 14:46:41.682,,,Washington St & Gansevoort St,6039.06,40.76,-73.99,40.739323,-74.008119,casual
739431,73FA111D0211EE28,electric_bike,2024-12-11 12:46:16.654,2024-12-11 12:51:04.557,,,5 Ave & E 30 St,6248.08,40.75,-74.0,40.7459849,-73.98629487,member
739596,16CDCD33D8549AF9,electric_bike,2024-12-13 05:50:47.392,2024-12-13 05:55:19.053,,,E 17 St & Broadway,5980.10,40.75,-74.0,40.737006,-73.990134,member
739953,E21DE0CD77A06DA9,electric_bike,2024-12-07 19:01:53.042,2024-12-07 19:06:36.452,,,Metropolitan Ave & Meeker Ave,5300.05,40.71,-73.96,40.71413311,-73.95234386,member
746525,A60AD3CAA9959FEE,electric_bike,2024-12-12 17:03:35.781,2024-12-12 17:09:19.606,,,E 17 St & Broadway,5980.10,40.74,-74.01,40.737006,-73.990134,member
746555,3471AE806F932D45,electric_bike,2024-12-10 23:02:47.070,2024-12-10 23:40:26.752,,,State St & Smith St,4522.07,40.76,-73.98,40.68917,-73.9886,casual
746594,5AAB4226B28A05D6,electric_bike,2024-12-02 15:00:07.324,2024-12-02 15:11:16.167,,,E 17 St & Broadway,5980.10,40.75,-73.98,40.737006,-73.990134,member
756340,1255B8F9CB354C3A,electric_bike,2024-12-10 14:14:30.784,2024-12-10 14:25:59.269,,,5 Ave & E 78 St,7161.08,40.75,-73.97,40.77632142182271,-73.96427392959595,member
760521,CB54523122627650,electric_bike,2024-12-12 17:50:23.020,2024-12-12 17:55:40.520,,,Adelphi St & Myrtle Ave,4620.02,40.69,-73.98,40.69308257,-73.97178913,casual
760524,10468DC700DD413D,electric_bike,2024-12-12 15:57:42.341,2024-12-12 15:58:46.655,,,Columbus Ave & W 59 St,,40.77,-73.98,40.77,-73.98,member
760534,501923E61807427F,electric_bike,2024-12-12 18:05:31.644,2024-12-12 18:17:11.831,,,5 Ave & E 78 St,7161.08,40.77,-73.95,40.77632142182271,-73.96427392959595,member
760587,940D9E4BD85416AB,electric_bike,2024-12-09 17:05:57.890,2024-12-09 17:15:29.003,,,E 2 St & Ave C,5476.03,40.72,-74.0,40.7208736,-73.98085795,member
761318,1CB747BB201FA368,electric_bike,2024-12-06 18:44:19.029,2024-12-06 18:51:43.898,,,E 2 St & Ave C,5476.03,40.73,-73.99,40.7208736,-73.98085795,member
762169,E10F8A2202784A57,electric_bike,2024-12-07 09:42:21.126,2024-12-07 09:46:17.487,,,5 St & 51 Ave,6137.04,40.74,-73.95,40.7423737,-73.9566,member
778389,3F49515D3B6BE266,electric_bike,2024-12-03 23:09:37.826,2024-12-03 23:54:35.483,,,Eastern Pkwy & Kingston Ave,3902.06,40.67,-73.94,40.66959,-73.94237,member
779939,D653553ECE2B98C6,electric_bike,2024-12-07 20:21:18.863,2024-12-07 20:28:28.437,,,11 Ave & W 59 St,7059.01,40.77,-73.99,40.77149671054441,-73.99046033620834,member
779940,069E96436D26E70C,electric_bike,2024-12-07 16:23:30.857,2024-12-07 16:42:44.417,,,Home St & Westchester Ave,8020.01,40.85,-73.94,40.827629,-73.886659,member
781356,D0CAF5ED90824770,electric_bike,2024-12-13 09:11:14.699,2024-12-13 09:26:26.620,,,Central Park S & 6 Ave,6876.04,40.73,-73.98,40.76590936,-73.97634151,member
796640,1411F93F5E4CB3E8,electric_bike,2024-12-09 11:04:26.031,2024-12-09 11:11:22.398,,,Broadway & W 29 St,6289.06,40.75,-73.97,40.7462009,-73.98855723,member
796653,BFAE2C12AF26294D,electric_bike,2024-12-10 14:18:12.486,2024-12-10 14:32:35.856,,,W 44 St & 5 Ave,6551.02,40.74,-73.99,40.75500254,-73.98014437,member
796658,78EECAC3281B5F62,electric_bike,2024-12-09 17:06:04.402,2024-12-09 17:11:01.702,,,E 9 St & Ave C,5616.01,40.73,-73.99,40.72521311,-73.97768752,member
814726,A52E316F7401B4CD,electric_bike,2024-12-06 21:19:17.059,2024-12-06 21:39:00.071,,,Ave D & E 3 St,5436.09,40.74,-74.01,40.72082834,-73.97793172,member
814743,4D9D364EAB8254A7,electric_bike,2024-12-10 14:12:20.462,2024-12-10 14:23:18.657,,,W 100 St & Broadway,7580.01,40.79,-73.95,40.7973721,-73.97041192,member
815723,0DBD8E6C04244CF2,electric_bike,2024-12-05 16:34:48.115,2024-12-05 16:38:41.094,,,Ave D & E 3 St,5436.09,40.73,-73.99,40.72082834,-73.97793172,member
820501,1AE30141EA7907B0,electric_bike,2024-12-12 08:54:11.169,2024-12-12 08:56:41.109,,,Ave D & E 3 St,5436.09,40.72,-73.98,40.72082834,-73.97793172,member
831937,CDAD09BE895335E1,electric_bike,2024-12-09 15:40:27.529,2024-12-09 15:56:46.703,,,6 Ave & Broome St,5610.09,40.76,-73.98,40.72431,-74.00473,casual
832472,685CF0948926569B,electric_bike,2024-12-10 14:14:27.456,2024-12-10 14:18:03.255,,,Fulton St & Waverly Ave,4345.11,40.68,-73.98,40.683238654603414,-73.96599590778351,member
834531,972041908A1E1134,electric_bike,2024-12-08 15:44:22.640,2024-12-08 15:56:12.669,,,E 138 St & Cypress Ave,7669.10,40.82,-73.94,40.805559,-73.914718,member
838376,32BEAFB056458A84,electric_bike,2024-12-08 14:57:13.859,2024-12-08 15:10:46.341,,,Allen St & Stanton St,5484.09,40.74,-73.99,40.722055,-73.989111,member
838411,E6AB91330305C280,electric_bike,2024-12-12 22:44:41.532,2024-12-12 23:13:20.625,,,31 Ave & 30 St,6857.09,40.74,-74.01,40.7647,-73.9240312,member
838435,AA4999A1A48FCBE2,electric_bike,2024-12-04 06:11:21.744,2024-12-04 06:22:49.113,,,6 Ave & Broome St,5610.09,40.71,-73.96,40.72431,-74.00473,casual
838451,CA305E1FA39C62D7,electric_bike,2024-12-10 14:13:53.869,2024-12-10 14:39:43.404,,,Allen St & Stanton St,5484.09,40.7,-73.99,40.722055,-73.989111,member
847809,2E1371F2AED35094,electric_bike,2024-12-14 16:07:26.140,2024-12-14 16:51:47.489,,,7 Ave & Central Park South,6912.01,40.78,-73.95,40.7667405590595,-73.9790689945221,casual
847818,CDCBCE9FC46592B6,electric_bike,2024-12-12 21:31:14.863,2024-12-12 21:38:34.000,,,Broadway & E 14 St,5905.12,40.74,-74.01,40.73454567,-73.99074142,member
850422,997A886C8D53CC8D,electric_bike,2024-12-11 00:07:49.433,2024-12-11 00:32:10.203,,,Myrtle Ave & St Edwards St,4659.02,40.74,-73.95,40.69327018,-73.97703874,member
854458,25A4CEA25D965411,electric_bike,2024-12-14 10:11:13.958,2024-12-14 10:14:04.316,,,Lenox Ave & W 111 St,7602.05,40.8,-73.94,40.7987859,-73.9523,member
854514,A0C93561ED7953E6,electric_bike,2024-12-10 08:42:24.718,2024-12-10 08:50:38.491,,,Vesey St & Church St,5216.06,40.69,-73.99,40.71221958009051,-74.01047229766846,member
854542,A719D325C1F5F80E,electric_bike,2024-12-12 23:27:57.286,2024-12-12 23:34:44.284,,,Broadway & E 14 St,5905.12,40.73,-73.99,40.73454567,-73.99074142,member
857491,162E7F692ED2212C,electric_bike,2024-12-08 11:59:33.328,2024-12-08 12:07:30.898,,,7 Ave & Central Park South,6912.01,40.77,-73.97,40.7667405590595,-73.9790689945221,casual
860393,BB82533B42FADC55,electric_bike,2024-12-12 22:40:45.848,2024-12-12 22:53:31.673,,,E 5 St & Ave A,5626.06,40.74,-74.01,40.72479007746337,-73.98430064320564,casual
860424,8AD853C680A64EED,electric_bike,2024-12-12 15:01:15.102,2024-12-12 15:25:16.613,,,W 12 St & Hudson St,,40.72,-74.01,40.74,-74.01,member
860427,DB542CE5D6307FF5,electric_bike,2024-12-13 13:58:18.270,2024-12-13 14:22:16.809,,,7 Ave & Central Park South,6912.01,40.78,-73.97,40.7667405590595,-73.9790689945221,casual
860434,66EDF3F4B8682A79,electric_bike,2024-12-10 14:09:44.544,2024-12-10 14:21:29.289,,,7 Ave & Central Park South,6912.01,40.77,-73.95,40.7667405590595,-73.9790689945221,casual
860447,2C07A9C1FB74BE2D,electric_bike,2024-12-01 16:34:17.346,2024-12-01 16:43:45.133,,,7 Ave & Central Park South,6912.01,40.75,-73.99,40.7667405590595,-73.9790689945221,member
860484,DD77A759673CFAB2,electric_bike,2024-12-10 16:17:11.492,2024-12-10 16:35:00.197,,,South St & Whitehall St,4846.01,40.7,-74.01,40.70122128,-74.01234218,casual
860487,A23AA8C65B97B446,electric_bike,2024-12-13 14:44:05.784,2024-12-13 15:06:14.641,,,7 Ave & Central Park South,6912.01,40.79,-73.97,40.7667405590595,-73.9790689945221,casual
860488,7831BE194D37AA03,electric_bike,2024-12-11 15:28:48.486,2024-12-11 15:31:27.683,,,Broadway & E 14 St,5905.12,40.73,-74.0,40.73454567,-73.99074142,casual
874302,9D9FF8BBB2CB9E7F,electric_bike,2024-12-04 08:17:17.041,2024-12-04 08:19:12.535,,,72 St & Broadway,6258.02,40.74,-73.89,40.74751,-73.89372,member
881532,1D8FA2BC57F4F6AB,electric_bike,2024-12-09 17:52:10.826,2024-12-09 17:58:52.220,,,Grand St & Samuel Dickstein Plaza,5335.07,40.72,-74.0,40.71511871996496,-73.98417055606842,member
881563,CAAC0905371E4B10,electric_bike,2024-12-12 07:49:32.004,2024-12-12 08:26:50.258,,,Grand St & Samuel Dickstein Plaza,5335.07,40.71,-74.01,40.71511871996496,-73.98417055606842,member
884209,BEC46B6D0B7DEEDC,electric_bike,2024-12-11 08:54:32.850,2024-12-11 08:57:28.480,,,E 169 St & Fox St,8024.05,40.83,-73.89,40.827184,-73.893721,casual
886748,656C19E962CC37D0,electric_bike,2024-12-07 19:12:16.121,2024-12-07 19:14:44.415,,,8 Ave & W 52 St,6816.07,40.76,-73.99,40.76370739,-73.9851615,member
886780,101DEE89C319D192,electric_bike,2024-12-02 20:10:30.061,2024-12-02 20:17:24.178,,,McGuinness Blvd & Eagle St,5977.01,40.74,-73.95,40.73555,-73.95284,member
901090,4F53192ED0DECF49,electric_bike,2024-12-13 08:04:13.751,2024-12-13 08:07:36.182,,,W 116 St & Broadway,7713.11,40.8,-73.97,40.8082,-73.9641,member
901158,1CB0C4C4E2FD8A92,electric_bike,2024-12-04 14:54:04.566,2024-12-04 15:05:25.733,,,9 Ave & W 22 St,6266.06,40.75,-73.98,40.7454973,-74.00197139,member
901266,3352EC5E2FAD7C31,electric_bike,2024-12-08 16:42:43.043,2024-12-08 16:55:47.158,,,E 97 St & Madison Ave,7393.09,40.78,-73.93,40.787801,-73.953559,casual
901301,037E33C7D35538D7,electric_bike,2024-12-12 16:18:57.011,2024-12-12 16:33:00.474,,,9 Ave & W 22 St,6266.06,40.76,-73.97,40.7454973,-74.00197139,member
901766,4C809A358F4252F6,electric_bike,2024-12-12 13:52:34.774,2024-12-12 14:05:04.776,,,W 35 St & 9 Ave,6569.09,40.75,-73.99,40.75414519263519,-73.9960889518261,member
902003,58DE32C1B6A91008,electric_bike,2024-12-13 17:12:23.948,2024-12-13 17:16:29.907,,,9 Ave & W 22 St,6266.06,40.75,-74.0,40.7454973,-74.00197139,member
902073,A0C4583D85CC6B73,electric_bike,2024-12-14 16:05:59.615,2024-12-14 16:15:35.577,,,Hanson Pl & Ashland Pl,4395.07,40.68,-74.0,40.68506807308177,-73.97790759801863,member
909136,9BE7C11C5190EAF0,electric_bike,2024-12-13 01:15:16.293,2024-12-13 01:20:43.182,,,Hanson Pl & Ashland Pl,4395.07,40.7,-73.97,40.68506807308177,-73.97790759801863,member
909747,6579455E1489058E,electric_bike,2024-12-08 16:41:59.538,2024-12-08 16:55:33.662,,,E 97 St & Madison Ave,7393.09,40.78,-73.93,40.787801,-73.953559,casual
910522,A8344FBE4D89A749,electric_bike,2024-12-14 16:50:29.524,2024-12-14 16:55:46.879,,,9 Ave & W 22 St,6266.06,40.73,-74.0,40.7454973,-74.00197139,member
912951,CC442635F93B95DC,electric_bike,2024-12-12 17:48:40.502,2024-12-12 17:58:12.689,,,E 11 St & 3 Ave,5788.16,40.74,-73.98,40.73127,-73.98849,member
922010,3325930995CE7FA8,electric_bike,2024-12-01 16:49:52.041,2024-12-01 16:55:58.717,,,Grand St & Greene St,5500.02,40.73,-74.01,40.72170005235607,-74.00238141417502,member
925626,F05512EECB88EF57,electric_bike,2024-12-01 10:02:58.204,2024-12-01 10:28:53.127,,,Carroll St & Smith St,4225.14,40.7,-73.95,40.680611,-73.99475825,member
925642,62B10134BE7A6B7C,electric_bike,2024-12-03 12:48:48.685,2024-12-03 12:52:02.137,,,W 45 St & 8 Ave,6676.02,40.76,-73.99,40.75929124,-73.98859651,member
927278,D04470BAF028B5AB,electric_bike,2024-12-04 11:41:42.934,2024-12-04 11:57:58.206,,,35 Ave & 10 St,6806.06,40.75,-73.91,40.76315481910373,-73.93985509872437,member
929002,E77DA50E3DB87F8C,electric_bike,2024-12-06 18:01:03.788,2024-12-06 18:05:47.490,,,W 4 St & 7 Ave S,5880.02,40.74,-73.99,40.73401143,-74.00293877,member
929008,7D5E52DAD6537B67,electric_bike,2024-12-12 17:51:36.726,2024-12-12 17:59:40.913,,,9 Ave & W 39 St,6644.08,40.76,-73.98,40.756403523272496,-73.99410143494606,member
929012,EBB43D11965CFE17,electric_bike,2024-12-09 15:29:48.693,2024-12-09 15:35:33.988,,,Lafayette Ave & Ft Greene Pl,4470.09,40.69,-73.96,40.68700231292619,-73.97664964199066,member
929882,0CA545DB86B0B9CE,electric_bike,2024-12-10 19:29:35.821,2024-12-10 19:41:13.179,,,W 4 St & 7 Ave S,5880.02,40.72,-74.0,40.73401143,-74.00293877,member
931790,2CAF9B8284ED2156,electric_bike,2024-12-12 17:29:54.278,2024-12-12 17:51:06.671,,,W 45 St & 8 Ave,6676.02,40.73,-73.98,40.75929124,-73.98859651,member
931854,53B2B039EF2333C9,electric_bike,2024-12-12 16:50:30.072,2024-12-12 16:53:15.435,,,E 7 St & Ave C,5545.01,40.73,-73.99,40.72412944090093,-73.97901266813278,member
951560,6688AC18CAB5644B,electric_bike,2024-12-13 16:49:55.069,2024-12-13 16:58:39.683,,,W 41 St & 8 Ave,6602.03,40.76,-73.98,40.75640548,-73.9900262,member
957623,7477D447F58D6CB2,electric_bike,2024-12-05 17:01:12.780,2024-12-05 17:17:40.401,,,Central Ave & Flushing Ave,4947.04,40.72,-73.99,40.702831,-73.9333,member
957724,89EBA8F234D2F7DB,electric_bike,2024-12-12 08:08:30.040,2024-12-12 08:18:27.922,,,W 41 St & 8 Ave,6602.03,40.76,-73.97,40.75640548,-73.9900262,member
957744,E244F07E4F733C56,electric_bike,2024-12-12 16:38:47.687,2024-12-12 16:42:16.632,,,Bridge St & Front St,4968.03,40.7,-73.99,40.70296934155272,-73.98469090461731,casual
957746,72B6FE41F4B10A2B,electric_bike,2024-12-12 16:41:18.742,2024-12-12 16:50:24.611,,,Roebling St & N 4 St,5267.09,40.72,-73.99,40.71469,-73.95739,member
959405,4DAD8510BEE7BA46,electric_bike,2024-12-08 20:47:32.249,2024-12-08 21:03:04.215,,,Bayard St & Baxter St,5351.03,40.72,-74.01,40.71602118,-73.99974372,casual
962120,9DD81FD4F5BCC4FA,electric_bike,2024-12-02 18:03:07.949,2024-12-02 18:20:24.718,,,46 Ave & 5 St,6286.02,40.76,-73.97,40.74731,-73.95451,member
962192,9F8EC33B19BF6053,electric_bike,2024-12-13 07:42:48.635,2024-12-13 07:44:56.936,,,Cooper Square & Astor Pl,5712.03,40.73,-73.98,40.72951496224949,-73.99075269699097,member
975778,8ECC88297D6849D9,electric_bike,2024-12-12 15:00:15.489,2024-12-12 15:02:49.283,,,E 72 St & York Ave,,40.77,-73.95,40.77,-73.95,member
977558,9EBAFB7A6DF1AB9A,electric_bike,2024-12-09 12:30:03.651,2024-12-09 12:32:18.069,,,Barrow St & Hudson St,5805.05,40.73,-74.01,40.73172428,-74.00674436,member
979210,0ADDBAB7AF0F8DA1,electric_bike,2024-12-07 18:50:27.450,2024-12-07 22:18:10.218,,,W 59 St & 10 Ave,7023.04,40.77,-73.97,40.770513,-73.988038,casual
980812,CD2D3E146D7FB210,electric_bike,2024-12-10 00:31:05.351,2024-12-10 00:49:36.269,,,Sterling Pl & Franklin Ave,4033.16,40.71,-74.0,40.67324785,-73.95689517,member
980813,6492E1E5B8ADE012,electric_bike,2024-12-06 09:40:33.509,2024-12-06 10:13:35.579,,,W 106 St & Central Park West,7606.01,40.72,-73.92,40.7981856,-73.9605909006,member
980814,EC827136BCAC7CF2,electric_bike,2024-12-12 22:07:33.443,2024-12-12 22:11:58.682,,,Irving Ave & Palmetto St,4775.01,40.71,-73.93,40.698,-73.9127,member
980842,722644DF5B06B316,electric_bike,2024-12-14 14:42:57.924,2024-12-14 14:47:14.029,,,Cherry St,5181.04,40.72,-73.99,40.71219906,-73.97948148,member
994375,CC81ED4F6330AB6C,electric_bike,2024-12-12 12:14:59.242,2024-12-12 12:22:56.347,,,West St & Chambers St,5329.03,40.72,-74.0,40.71754834,-74.01322069,member
995036,B07F229BC00DF338,electric_bike,2024-12-09 11:54:03.487,2024-12-09 12:16:48.985,,,Lawrence St & Willoughby St,4596.09,40.69,-73.92,40.69236178,-73.98631746,member
999616,47EA82B87A88AB97,electric_bike,2024-12-04 17:50:05.919,2024-12-04 18:01:16.325,,,Reade St & Broadway,5247.1,40.74,-74.01,40.71450451,-74.00562789,member
999641,F4094496D04C57C4,electric_bike,2024-12-09 13:44:50.806,2024-12-09 13:47:10.527,,,10 Ave & W 28 St,6459.04,40.75,-74.01,40.75066386,-74.00176802,member
999668,B660D73636013882,electric_bike,2024-12-10 18:17:16.846,2024-12-10 18:26:02.402,,,W 35 St & Dyer Ave,6569.08,40.74,-73.99,40.754691750226016,-73.99740189313889,member
999688,87F571278DAC4991,electric_bike,2024-12-10 21:28:57.302,2024-12-10 21:33:48.901,,,10 Ave & W 28 St,6459.04,40.75,-74.0,40.75066386,-74.00176802,member
